[{"model": "admin.logentry", "pk": 1, "fields": {"action_time": "2022-07-02T12:19:21.981Z", "user": 1, "content_type": 9, "object_id": "2", "object_repr": "mobile", "action_flag": 1, "change_message": "[{\"added\": {}}]"}}, {"model": "admin.logentry", "pk": 2, "fields": {"action_time": "2022-07-02T12:19:30.837Z", "user": 1, "content_type": 9, "object_id": "3", "object_repr": "android", "action_flag": 1, "change_message": "[{\"added\": {}}]"}}, {"model": "admin.logentry", "pk": 3, "fields": {"action_time": "2022-07-02T12:20:56.298Z", "user": 1, "content_type": 10, "object_id": "1", "object_repr": "Samsung", "action_flag": 1, "change_message": "[{\"added\": {}}]"}}, {"model": "admin.logentry", "pk": 4, "fields": {"action_time": "2022-07-02T12:33:11.073Z", "user": 1, "content_type": 6, "object_id": "1", "object_repr": "2000", "action_flag": 2, "change_message": "[{\"changed\": {\"fields\": [\"First name\", \"Last name\"]}}]"}}, {"model": "admin.logentry", "pk": 5, "fields": {"action_time": "2022-07-03T12:21:33.943Z", "user": 1, "content_type": 10, "object_id": "3", "object_repr": "Black Strap For Xiaomi Mi Band 5", "action_flag": 1, "change_message": "[{\"added\": {}}, {\"added\": {\"name\": \"variation\", \"object\": \"Red\"}}, {\"added\": {\"name\": \"variation\", \"object\": \"Blue\"}}, {\"added\": {\"name\": \"variation\", \"object\": \"M\"}}, {\"added\": {\"name\": \"variation\", \"object\": \"XL\"}}, {\"added\": {\"name\": \"variation\", \"object\": \"S\"}}]"}}, {"model": "admin.logentry", "pk": 6, "fields": {"action_time": "2022-07-03T12:21:45.589Z", "user": 1, "content_type": 10, "object_id": "3", "object_repr": "Black Strap For Xiaomi Mi Band 5", "action_flag": 2, "change_message": "[{\"changed\": {\"fields\": [\"Is active\"]}}]"}}, {"model": "admin.logentry", "pk": 7, "fields": {"action_time": "2022-07-03T13:42:39.192Z", "user": 1, "content_type": 9, "object_id": "2", "object_repr": "Mobile", "action_flag": 2, "change_message": "[{\"changed\": {\"fields\": [\"Name\"]}}]"}}, {"model": "admin.logentry", "pk": 8, "fields": {"action_time": "2022-07-03T13:42:44.513Z", "user": 1, "content_type": 9, "object_id": "3", "object_repr": "Android", "action_flag": 2, "change_message": "[{\"changed\": {\"fields\": [\"Name\"]}}]"}}, {"model": "admin.logentry", "pk": 9, "fields": {"action_time": "2022-07-03T13:43:02.340Z", "user": 1, "content_type": 9, "object_id": "4", "object_repr": "Electronic Devices", "action_flag": 1, "change_message": "[{\"added\": {}}]"}}, {"model": "admin.logentry", "pk": 10, "fields": {"action_time": "2022-07-03T13:43:13.182Z", "user": 1, "content_type": 9, "object_id": "5", "object_repr": "Computer and Laptops", "action_flag": 1, "change_message": "[{\"added\": {}}]"}}, {"model": "admin.logentry", "pk": 11, "fields": {"action_time": "2022-07-03T13:43:30.778Z", "user": 1, "content_type": 9, "object_id": "6", "object_repr": "Accessories", "action_flag": 1, "change_message": "[{\"added\": {}}]"}}, {"model": "admin.logentry", "pk": 12, "fields": {"action_time": "2022-07-03T13:43:42.908Z", "user": 1, "content_type": 9, "object_id": "7", "object_repr": "Iphone", "action_flag": 1, "change_message": "[{\"added\": {}}]"}}, {"model": "admin.logentry", "pk": 13, "fields": {"action_time": "2022-07-10T08:18:05.204Z", "user": 1, "content_type": 22, "object_id": "1", "object_repr": "OMKAR20", "action_flag": 1, "change_message": "[{\"added\": {}}]"}}, {"model": "admin.logentry", "pk": 14, "fields": {"action_time": "2022-07-10T08:26:43.826Z", "user": 1, "content_type": 18, "object_id": "1", "object_repr": "Order 2000 1", "action_flag": 2, "change_message": "[{\"changed\": {\"name\": \"order item\", \"object\": \"1\", \"fields\": [\"Item status\"]}}]"}}, {"model": "admin.logentry", "pk": 15, "fields": {"action_time": "2022-07-10T08:29:37.971Z", "user": 1, "content_type": 25, "object_id": "1", "object_repr": "Sliders object (1)", "action_flag": 1, "change_message": "[{\"added\": {}}]"}}, {"model": "admin.logentry", "pk": 16, "fields": {"action_time": "2022-07-10T08:29:43.361Z", "user": 1, "content_type": 25, "object_id": "2", "object_repr": "Sliders object (2)", "action_flag": 1, "change_message": "[{\"added\": {}}]"}}, {"model": "admin.logentry", "pk": 17, "fields": {"action_time": "2022-07-10T08:29:48.938Z", "user": 1, "content_type": 25, "object_id": "3", "object_repr": "Sliders object (3)", "action_flag": 1, "change_message": "[{\"added\": {}}]"}}, {"model": "admin.logentry", "pk": 18, "fields": {"action_time": "2022-07-11T08:46:57.873Z", "user": 1, "content_type": 22, "object_id": "2", "object_repr": "OMKAR30", "action_flag": 1, "change_message": "[{\"added\": {}}]"}}, {"model": "admin.logentry", "pk": 19, "fields": {"action_time": "2022-07-11T08:49:24.610Z", "user": 1, "content_type": 18, "object_id": "2", "object_repr": "Order 2000 2", "action_flag": 2, "change_message": "[{\"changed\": {\"name\": \"order item\", \"object\": \"2\", \"fields\": [\"Item status\"]}}]"}}, {"model": "admin.logentry", "pk": 20, "fields": {"action_time": "2022-07-30T04:37:23.375Z", "user": 1, "content_type": 18, "object_id": "3", "object_repr": "Order 2000 3", "action_flag": 3, "change_message": ""}}, {"model": "admin.logentry", "pk": 21, "fields": {"action_time": "2022-07-30T04:37:23.400Z", "user": 1, "content_type": 18, "object_id": "2", "object_repr": "Order 2000 2", "action_flag": 3, "change_message": ""}}, {"model": "admin.logentry", "pk": 22, "fields": {"action_time": "2022-07-30T04:37:23.400Z", "user": 1, "content_type": 18, "object_id": "1", "object_repr": "Order 2000 1", "action_flag": 3, "change_message": ""}}, {"model": "admin.logentry", "pk": 23, "fields": {"action_time": "2022-07-30T05:43:27.334Z", "user": 1, "content_type": 18, "object_id": "6", "object_repr": "Order 2000 6", "action_flag": 3, "change_message": ""}}, {"model": "admin.logentry", "pk": 24, "fields": {"action_time": "2022-07-30T05:43:27.339Z", "user": 1, "content_type": 18, "object_id": "5", "object_repr": "Order 2000 5", "action_flag": 3, "change_message": ""}}, {"model": "admin.logentry", "pk": 25, "fields": {"action_time": "2022-07-30T05:43:27.340Z", "user": 1, "content_type": 18, "object_id": "4", "object_repr": "Order 2000 4", "action_flag": 3, "change_message": ""}}, {"model": "admin.logentry", "pk": 26, "fields": {"action_time": "2022-07-30T05:47:08.118Z", "user": 1, "content_type": 18, "object_id": "7", "object_repr": "Order 2000 7", "action_flag": 3, "change_message": ""}}, {"model": "admin.logentry", "pk": 27, "fields": {"action_time": "2022-07-30T06:12:16.662Z", "user": 1, "content_type": 18, "object_id": "16", "object_repr": "Order 2000 16", "action_flag": 3, "change_message": ""}}, {"model": "admin.logentry", "pk": 28, "fields": {"action_time": "2022-07-30T06:12:16.667Z", "user": 1, "content_type": 18, "object_id": "15", "object_repr": "Order 2000 15", "action_flag": 3, "change_message": ""}}, {"model": "admin.logentry", "pk": 29, "fields": {"action_time": "2022-07-30T06:12:16.668Z", "user": 1, "content_type": 18, "object_id": "14", "object_repr": "Order 2000 14", "action_flag": 3, "change_message": ""}}, {"model": "admin.logentry", "pk": 30, "fields": {"action_time": "2022-07-30T06:12:16.669Z", "user": 1, "content_type": 18, "object_id": "13", "object_repr": "Order 2000 13", "action_flag": 3, "change_message": ""}}, {"model": "admin.logentry", "pk": 31, "fields": {"action_time": "2022-07-30T06:12:16.670Z", "user": 1, "content_type": 18, "object_id": "12", "object_repr": "Order 2000 12", "action_flag": 3, "change_message": ""}}, {"model": "admin.logentry", "pk": 32, "fields": {"action_time": "2022-07-30T06:12:16.670Z", "user": 1, "content_type": 18, "object_id": "11", "object_repr": "Order 2000 11", "action_flag": 3, "change_message": ""}}, {"model": "admin.logentry", "pk": 33, "fields": {"action_time": "2022-07-30T06:12:16.671Z", "user": 1, "content_type": 18, "object_id": "10", "object_repr": "Order 2000 10", "action_flag": 3, "change_message": ""}}, {"model": "admin.logentry", "pk": 34, "fields": {"action_time": "2022-07-30T06:12:16.672Z", "user": 1, "content_type": 18, "object_id": "9", "object_repr": "Order 2000 9", "action_flag": 3, "change_message": ""}}, {"model": "admin.logentry", "pk": 35, "fields": {"action_time": "2022-07-30T06:12:16.672Z", "user": 1, "content_type": 18, "object_id": "8", "object_repr": "Order 2000 8", "action_flag": 3, "change_message": ""}}, {"model": "admin.logentry", "pk": 36, "fields": {"action_time": "2022-07-30T07:30:48.542Z", "user": 1, "content_type": 18, "object_id": "22", "object_repr": "Order 2000 22", "action_flag": 3, "change_message": ""}}, {"model": "admin.logentry", "pk": 37, "fields": {"action_time": "2022-07-30T07:30:48.545Z", "user": 1, "content_type": 18, "object_id": "21", "object_repr": "Order 2000 21", "action_flag": 3, "change_message": ""}}, {"model": "admin.logentry", "pk": 38, "fields": {"action_time": "2022-07-30T07:30:48.546Z", "user": 1, "content_type": 18, "object_id": "20", "object_repr": "Order 2000 20", "action_flag": 3, "change_message": ""}}, {"model": "admin.logentry", "pk": 39, "fields": {"action_time": "2022-07-30T07:30:48.547Z", "user": 1, "content_type": 18, "object_id": "19", "object_repr": "Order 2000 19", "action_flag": 3, "change_message": ""}}, {"model": "admin.logentry", "pk": 40, "fields": {"action_time": "2022-07-30T07:30:48.548Z", "user": 1, "content_type": 18, "object_id": "18", "object_repr": "Order 2000 18", "action_flag": 3, "change_message": ""}}, {"model": "admin.logentry", "pk": 41, "fields": {"action_time": "2022-07-30T07:30:48.549Z", "user": 1, "content_type": 18, "object_id": "17", "object_repr": "Order 2000 17", "action_flag": 3, "change_message": ""}}, {"model": "admin.logentry", "pk": 42, "fields": {"action_time": "2022-07-30T07:41:41.974Z", "user": 1, "content_type": 18, "object_id": "26", "object_repr": "Order 2000 26", "action_flag": 3, "change_message": ""}}, {"model": "admin.logentry", "pk": 43, "fields": {"action_time": "2022-07-30T07:41:41.976Z", "user": 1, "content_type": 18, "object_id": "25", "object_repr": "Order 2000 25", "action_flag": 3, "change_message": ""}}, {"model": "admin.logentry", "pk": 44, "fields": {"action_time": "2022-07-30T07:41:41.977Z", "user": 1, "content_type": 18, "object_id": "23", "object_repr": "Order 2000 23", "action_flag": 3, "change_message": ""}}, {"model": "admin.logentry", "pk": 45, "fields": {"action_time": "2022-07-30T14:49:51.493Z", "user": 1, "content_type": 25, "object_id": "1", "object_repr": "Sliders object (1)", "action_flag": 2, "change_message": "[{\"changed\": {\"fields\": [\"Image\"]}}]"}}, {"model": "admin.logentry", "pk": 46, "fields": {"action_time": "2022-07-30T14:50:15.402Z", "user": 1, "content_type": 25, "object_id": "3", "object_repr": "Sliders object (3)", "action_flag": 2, "change_message": "[{\"changed\": {\"fields\": [\"Image\"]}}]"}}, {"model": "admin.logentry", "pk": 47, "fields": {"action_time": "2022-07-30T14:50:27.306Z", "user": 1, "content_type": 25, "object_id": "2", "object_repr": "Sliders object (2)", "action_flag": 2, "change_message": "[{\"changed\": {\"fields\": [\"Image\"]}}]"}}, {"model": "admin.logentry", "pk": 48, "fields": {"action_time": "2022-07-30T14:50:33.765Z", "user": 1, "content_type": 25, "object_id": "1", "object_repr": "Sliders object (1)", "action_flag": 2, "change_message": "[{\"changed\": {\"fields\": [\"Image\"]}}]"}}, {"model": "admin.logentry", "pk": 49, "fields": {"action_time": "2022-07-30T16:10:26.778Z", "user": 1, "content_type": 9, "object_id": "8", "object_repr": "TV & Home Theater", "action_flag": 1, "change_message": "[{\"added\": {}}]"}}, {"model": "admin.logentry", "pk": 50, "fields": {"action_time": "2022-07-30T16:10:32.220Z", "user": 1, "content_type": 9, "object_id": "9", "object_repr": "Home Appliances", "action_flag": 1, "change_message": "[{\"added\": {}}]"}}, {"model": "admin.logentry", "pk": 51, "fields": {"action_time": "2022-07-30T16:10:38.679Z", "user": 1, "content_type": 9, "object_id": "10", "object_repr": "Mobile Phones", "action_flag": 1, "change_message": "[{\"added\": {}}]"}}, {"model": "admin.logentry", "pk": 52, "fields": {"action_time": "2022-07-30T16:10:44.656Z", "user": 1, "content_type": 9, "object_id": "11", "object_repr": "Tablets", "action_flag": 1, "change_message": "[{\"added\": {}}]"}}, {"model": "admin.logentry", "pk": 53, "fields": {"action_time": "2022-07-30T16:10:50.384Z", "user": 1, "content_type": 9, "object_id": "12", "object_repr": "Specialty Electronics", "action_flag": 1, "change_message": "[{\"added\": {}}]"}}, {"model": "admin.logentry", "pk": 54, "fields": {"action_time": "2022-07-30T16:11:18.009Z", "user": 1, "content_type": 9, "object_id": "13", "object_repr": "Refurbished", "action_flag": 1, "change_message": "[{\"added\": {}}]"}}, {"model": "admin.logentry", "pk": 55, "fields": {"action_time": "2022-07-30T16:11:24.077Z", "user": 1, "content_type": 9, "object_id": "7", "object_repr": "Iphone", "action_flag": 2, "change_message": "[{\"changed\": {\"fields\": [\"parent\", \"tree_id\"]}}]"}}, {"model": "admin.logentry", "pk": 56, "fields": {"action_time": "2022-07-30T16:11:28.621Z", "user": 1, "content_type": 9, "object_id": "3", "object_repr": "Android", "action_flag": 2, "change_message": "[{\"changed\": {\"fields\": [\"parent\", \"lft\", \"rght\", \"tree_id\", \"level\"]}}]"}}, {"model": "admin.logentry", "pk": 57, "fields": {"action_time": "2022-07-30T16:11:32.696Z", "user": 1, "content_type": 9, "object_id": "3", "object_repr": "Android", "action_flag": 2, "change_message": "[{\"changed\": {\"fields\": [\"parent\", \"lft\", \"rght\", \"tree_id\", \"level\"]}}]"}}, {"model": "admin.logentry", "pk": 58, "fields": {"action_time": "2022-07-30T16:11:41.076Z", "user": 1, "content_type": 9, "object_id": "2", "object_repr": "Mobile", "action_flag": 3, "change_message": ""}}, {"model": "admin.logentry", "pk": 59, "fields": {"action_time": "2022-07-30T16:11:54.671Z", "user": 1, "content_type": 9, "object_id": "14", "object_repr": "TV & Video", "action_flag": 1, "change_message": "[{\"added\": {}}]"}}, {"model": "admin.logentry", "pk": 60, "fields": {"action_time": "2022-07-30T16:12:00.150Z", "user": 1, "content_type": 9, "object_id": "15", "object_repr": "Home Audio & Home Theater", "action_flag": 1, "change_message": "[{\"added\": {}}]"}}, {"model": "admin.logentry", "pk": 61, "fields": {"action_time": "2022-07-30T16:12:06.813Z", "user": 1, "content_type": 9, "object_id": "16", "object_repr": "Small Kitchen Appliances", "action_flag": 1, "change_message": "[{\"added\": {}}]"}}, {"model": "admin.logentry", "pk": 62, "fields": {"action_time": "2022-07-30T16:12:12.565Z", "user": 1, "content_type": 9, "object_id": "17", "object_repr": "Heating, Cooling & Air Quality", "action_flag": 1, "change_message": "[{\"added\": {}}]"}}, {"model": "admin.logentry", "pk": 63, "fields": {"action_time": "2022-07-30T16:12:18.143Z", "user": 1, "content_type": 9, "object_id": "18", "object_repr": "Cell Phones", "action_flag": 1, "change_message": "[{\"added\": {}}]"}}, {"model": "admin.logentry", "pk": 64, "fields": {"action_time": "2022-07-30T16:12:27.642Z", "user": 1, "content_type": 9, "object_id": "19", "object_repr": "Power Banks & Chargers", "action_flag": 1, "change_message": "[{\"added\": {}}]"}}, {"model": "admin.logentry", "pk": 65, "fields": {"action_time": "2022-07-30T16:12:33.303Z", "user": 1, "content_type": 9, "object_id": "20", "object_repr": "Cases & Covers", "action_flag": 1, "change_message": "[{\"added\": {}}]"}}, {"model": "admin.logentry", "pk": 66, "fields": {"action_time": "2022-07-30T16:12:41.858Z", "user": 1, "content_type": 9, "object_id": "21", "object_repr": "Phone Accessories", "action_flag": 1, "change_message": "[{\"added\": {}}]"}}, {"model": "admin.logentry", "pk": 67, "fields": {"action_time": "2022-07-30T16:12:48.344Z", "user": 1, "content_type": 9, "object_id": "22", "object_repr": "Microsoft Surface", "action_flag": 1, "change_message": "[{\"added\": {}}]"}}, {"model": "admin.logentry", "pk": 68, "fields": {"action_time": "2022-07-30T16:12:53.301Z", "user": 1, "content_type": 9, "object_id": "23", "object_repr": "Android Tablets", "action_flag": 1, "change_message": "[{\"added\": {}}]"}}, {"model": "admin.logentry", "pk": 69, "fields": {"action_time": "2022-07-30T16:12:58.184Z", "user": 1, "content_type": 9, "object_id": "24", "object_repr": "Windows Tablets", "action_flag": 1, "change_message": "[{\"added\": {}}]"}}, {"model": "admin.logentry", "pk": 70, "fields": {"action_time": "2022-07-30T16:13:09.145Z", "user": 1, "content_type": 9, "object_id": "25", "object_repr": "Genuine Tablet Accessories", "action_flag": 1, "change_message": "[{\"added\": {}}]"}}, {"model": "admin.logentry", "pk": 71, "fields": {"action_time": "2022-07-30T16:13:20.527Z", "user": 1, "content_type": 9, "object_id": "26", "object_repr": "Apple", "action_flag": 1, "change_message": "[{\"added\": {}}]"}}, {"model": "admin.logentry", "pk": 72, "fields": {"action_time": "2022-07-30T16:13:26.777Z", "user": 1, "content_type": 9, "object_id": "27", "object_repr": "Media Players & TV Tuners", "action_flag": 1, "change_message": "[{\"added\": {}}]"}}, {"model": "admin.logentry", "pk": 73, "fields": {"action_time": "2022-07-30T16:13:34.206Z", "user": 1, "content_type": 9, "object_id": "28", "object_repr": "Headphones", "action_flag": 1, "change_message": "[{\"added\": {}}]"}}, {"model": "admin.logentry", "pk": 74, "fields": {"action_time": "2022-07-30T16:13:39.019Z", "user": 1, "content_type": 9, "object_id": "29", "object_repr": "Portable Speakers", "action_flag": 1, "change_message": "[{\"added\": {}}]"}}, {"model": "admin.logentry", "pk": 75, "fields": {"action_time": "2022-07-30T16:13:44.535Z", "user": 1, "content_type": 9, "object_id": "30", "object_repr": "Gadgets & Wearables", "action_flag": 1, "change_message": "[{\"added\": {}}]"}}, {"model": "admin.logentry", "pk": 76, "fields": {"action_time": "2022-07-30T16:13:50.678Z", "user": 1, "content_type": 9, "object_id": "31", "object_repr": "Portable Electronic Devices", "action_flag": 1, "change_message": "[{\"added\": {}}]"}}, {"model": "admin.logentry", "pk": 77, "fields": {"action_time": "2022-07-30T16:13:56.004Z", "user": 1, "content_type": 9, "object_id": "32", "object_repr": "Digital Cameras", "action_flag": 1, "change_message": "[{\"added\": {}}]"}}, {"model": "admin.logentry", "pk": 78, "fields": {"action_time": "2022-07-30T16:14:03.385Z", "user": 1, "content_type": 9, "object_id": "33", "object_repr": "Refurbished Electronics", "action_flag": 1, "change_message": "[{\"added\": {}}]"}}, {"model": "admin.logentry", "pk": 79, "fields": {"action_time": "2022-07-30T16:14:08.600Z", "user": 1, "content_type": 9, "object_id": "34", "object_repr": "Refurbished Cell Phones", "action_flag": 1, "change_message": "[{\"added\": {}}]"}}, {"model": "admin.logentry", "pk": 80, "fields": {"action_time": "2022-07-30T16:14:14.731Z", "user": 1, "content_type": 9, "object_id": "35", "object_repr": "Refurbished TV & Vide", "action_flag": 1, "change_message": "[{\"added\": {}}]"}}, {"model": "admin.logentry", "pk": 81, "fields": {"action_time": "2022-07-30T16:15:36.664Z", "user": 1, "content_type": 9, "object_id": "35", "object_repr": "Refurbished TV & Video", "action_flag": 2, "change_message": "[{\"changed\": {\"fields\": [\"Name\", \"Slug\"]}}]"}}, {"model": "admin.logentry", "pk": 82, "fields": {"action_time": "2022-07-30T16:17:02.109Z", "user": 1, "content_type": 9, "object_id": "14", "object_repr": "TV & Video", "action_flag": 2, "change_message": "[{\"changed\": {\"fields\": [\"parent\", \"lft\", \"rght\", \"tree_id\", \"level\"]}}]"}}, {"model": "admin.logentry", "pk": 83, "fields": {"action_time": "2022-07-30T16:17:12.108Z", "user": 1, "content_type": 9, "object_id": "15", "object_repr": "Home Audio & Home Theater", "action_flag": 2, "change_message": "[{\"changed\": {\"fields\": [\"parent\", \"lft\", \"rght\", \"tree_id\", \"level\"]}}]"}}, {"model": "admin.logentry", "pk": 84, "fields": {"action_time": "2022-07-30T16:17:37.453Z", "user": 1, "content_type": 9, "object_id": "16", "object_repr": "Small Kitchen Appliances", "action_flag": 2, "change_message": "[{\"changed\": {\"fields\": [\"parent\", \"lft\", \"rght\", \"tree_id\", \"level\"]}}]"}}, {"model": "admin.logentry", "pk": 85, "fields": {"action_time": "2022-07-30T16:17:43.871Z", "user": 1, "content_type": 9, "object_id": "17", "object_repr": "Heating, Cooling & Air Quality", "action_flag": 2, "change_message": "[{\"changed\": {\"fields\": [\"parent\", \"lft\", \"rght\", \"tree_id\", \"level\"]}}]"}}, {"model": "admin.logentry", "pk": 86, "fields": {"action_time": "2022-07-30T16:17:52.057Z", "user": 1, "content_type": 9, "object_id": "19", "object_repr": "Power Banks & Chargers", "action_flag": 2, "change_message": "[{\"changed\": {\"fields\": [\"parent\", \"lft\", \"rght\", \"tree_id\", \"level\"]}}]"}}, {"model": "admin.logentry", "pk": 87, "fields": {"action_time": "2022-07-30T16:17:58.756Z", "user": 1, "content_type": 9, "object_id": "18", "object_repr": "Cell Phones", "action_flag": 2, "change_message": "[{\"changed\": {\"fields\": [\"parent\", \"lft\", \"rght\", \"tree_id\", \"level\"]}}]"}}, {"model": "admin.logentry", "pk": 88, "fields": {"action_time": "2022-07-30T16:18:11.938Z", "user": 1, "content_type": 9, "object_id": "20", "object_repr": "Cases & Covers", "action_flag": 2, "change_message": "[{\"changed\": {\"fields\": [\"parent\", \"lft\", \"rght\", \"tree_id\", \"level\"]}}]"}}, {"model": "admin.logentry", "pk": 89, "fields": {"action_time": "2022-07-30T16:18:21.185Z", "user": 1, "content_type": 9, "object_id": "21", "object_repr": "Phone Accessories", "action_flag": 2, "change_message": "[{\"changed\": {\"fields\": [\"parent\", \"lft\", \"rght\", \"tree_id\", \"level\"]}}]"}}, {"model": "admin.logentry", "pk": 90, "fields": {"action_time": "2022-07-30T16:18:35.084Z", "user": 1, "content_type": 9, "object_id": "22", "object_repr": "Microsoft Surface", "action_flag": 2, "change_message": "[{\"changed\": {\"fields\": [\"tree_id\"]}}]"}}, {"model": "admin.logentry", "pk": 91, "fields": {"action_time": "2022-07-30T16:18:43.581Z", "user": 1, "content_type": 9, "object_id": "24", "object_repr": "Windows Tablets", "action_flag": 2, "change_message": "[{\"changed\": {\"fields\": [\"parent\", \"lft\", \"rght\", \"tree_id\", \"level\"]}}]"}}, {"model": "admin.logentry", "pk": 92, "fields": {"action_time": "2022-07-30T16:18:47.449Z", "user": 1, "content_type": 9, "object_id": "22", "object_repr": "Microsoft Surface", "action_flag": 2, "change_message": "[{\"changed\": {\"fields\": [\"parent\", \"lft\", \"rght\", \"tree_id\", \"level\"]}}]"}}, {"model": "admin.logentry", "pk": 93, "fields": {"action_time": "2022-07-30T16:18:55.099Z", "user": 1, "content_type": 9, "object_id": "23", "object_repr": "Android Tablets", "action_flag": 2, "change_message": "[{\"changed\": {\"fields\": [\"parent\", \"lft\", \"rght\", \"tree_id\", \"level\"]}}]"}}, {"model": "admin.logentry", "pk": 94, "fields": {"action_time": "2022-07-30T16:19:02.893Z", "user": 1, "content_type": 9, "object_id": "25", "object_repr": "Genuine Tablet Accessories", "action_flag": 2, "change_message": "[{\"changed\": {\"fields\": [\"parent\", \"lft\", \"rght\", \"tree_id\", \"level\"]}}]"}}, {"model": "admin.logentry", "pk": 95, "fields": {"action_time": "2022-07-30T16:19:26.246Z", "user": 1, "content_type": 9, "object_id": "25", "object_repr": "Genuine Tablet Accessories", "action_flag": 2, "change_message": "[{\"changed\": {\"fields\": [\"parent\", \"lft\", \"rght\", \"level\"]}}]"}}, {"model": "admin.logentry", "pk": 96, "fields": {"action_time": "2022-07-30T16:19:31.608Z", "user": 1, "content_type": 9, "object_id": "25", "object_repr": "Genuine Tablet Accessories", "action_flag": 2, "change_message": "[{\"changed\": {\"fields\": [\"parent\", \"lft\", \"rght\", \"tree_id\", \"level\"]}}]"}}, {"model": "admin.logentry", "pk": 97, "fields": {"action_time": "2022-07-30T16:19:35.128Z", "user": 1, "content_type": 9, "object_id": "25", "object_repr": "Genuine Tablet Accessories", "action_flag": 2, "change_message": "[{\"changed\": {\"fields\": [\"parent\", \"lft\", \"rght\", \"tree_id\", \"level\"]}}]"}}, {"model": "admin.logentry", "pk": 98, "fields": {"action_time": "2022-07-30T16:19:42.981Z", "user": 1, "content_type": 9, "object_id": "26", "object_repr": "Apple", "action_flag": 2, "change_message": "[{\"changed\": {\"fields\": [\"parent\", \"lft\", \"rght\", \"tree_id\", \"level\"]}}]"}}, {"model": "admin.logentry", "pk": 99, "fields": {"action_time": "2022-07-30T16:19:54.799Z", "user": 1, "content_type": 9, "object_id": "27", "object_repr": "Media Players & TV Tuners", "action_flag": 2, "change_message": "[{\"changed\": {\"fields\": [\"parent\", \"lft\", \"rght\", \"tree_id\", \"level\"]}}]"}}, {"model": "admin.logentry", "pk": 100, "fields": {"action_time": "2022-07-30T16:20:02.623Z", "user": 1, "content_type": 9, "object_id": "33", "object_repr": "Refurbished Electronics", "action_flag": 2, "change_message": "[{\"changed\": {\"fields\": [\"parent\", \"lft\", \"rght\", \"tree_id\", \"level\"]}}]"}}, {"model": "admin.logentry", "pk": 101, "fields": {"action_time": "2022-07-30T16:20:05.995Z", "user": 1, "content_type": 9, "object_id": "35", "object_repr": "Refurbished TV & Video", "action_flag": 2, "change_message": "[{\"changed\": {\"fields\": [\"parent\", \"lft\", \"rght\", \"tree_id\", \"level\"]}}]"}}, {"model": "admin.logentry", "pk": 102, "fields": {"action_time": "2022-07-30T16:20:10.705Z", "user": 1, "content_type": 9, "object_id": "34", "object_repr": "Refurbished Cell Phones", "action_flag": 2, "change_message": "[{\"changed\": {\"fields\": [\"parent\", \"lft\", \"rght\", \"tree_id\", \"level\"]}}]"}}, {"model": "admin.logentry", "pk": 103, "fields": {"action_time": "2022-07-30T16:20:13.656Z", "user": 1, "content_type": 9, "object_id": "34", "object_repr": "Refurbished Cell Phones", "action_flag": 2, "change_message": "[{\"changed\": {\"fields\": [\"parent\", \"lft\", \"rght\"]}}]"}}, {"model": "admin.logentry", "pk": 104, "fields": {"action_time": "2022-07-30T16:20:19.623Z", "user": 1, "content_type": 9, "object_id": "34", "object_repr": "Refurbished Cell Phones", "action_flag": 2, "change_message": "[{\"changed\": {\"fields\": [\"parent\", \"lft\", \"rght\", \"level\"]}}]"}}, {"model": "admin.logentry", "pk": 105, "fields": {"action_time": "2022-07-30T16:20:23.438Z", "user": 1, "content_type": 9, "object_id": "34", "object_repr": "Refurbished Cell Phones", "action_flag": 2, "change_message": "[{\"changed\": {\"fields\": [\"parent\", \"lft\", \"rght\", \"level\"]}}]"}}, {"model": "admin.logentry", "pk": 106, "fields": {"action_time": "2022-07-30T16:20:26.424Z", "user": 1, "content_type": 9, "object_id": "34", "object_repr": "Refurbished Cell Phones", "action_flag": 2, "change_message": "[{\"changed\": {\"fields\": [\"parent\", \"lft\", \"rght\", \"tree_id\", \"level\"]}}]"}}, {"model": "admin.logentry", "pk": 107, "fields": {"action_time": "2022-07-30T16:20:53.051Z", "user": 1, "content_type": 9, "object_id": "6", "object_repr": "Accessories", "action_flag": 3, "change_message": ""}}, {"model": "admin.logentry", "pk": 108, "fields": {"action_time": "2022-07-30T16:21:02.639Z", "user": 1, "content_type": 9, "object_id": "28", "object_repr": "Headphones", "action_flag": 2, "change_message": "[{\"changed\": {\"fields\": [\"parent\", \"lft\", \"rght\", \"tree_id\", \"level\"]}}]"}}, {"model": "admin.logentry", "pk": 109, "fields": {"action_time": "2022-07-30T16:21:05.556Z", "user": 1, "content_type": 9, "object_id": "30", "object_repr": "Gadgets & Wearables", "action_flag": 2, "change_message": "[{\"changed\": {\"fields\": [\"parent\", \"lft\", \"rght\", \"tree_id\", \"level\"]}}]"}}, {"model": "admin.logentry", "pk": 110, "fields": {"action_time": "2022-07-30T16:21:08.856Z", "user": 1, "content_type": 9, "object_id": "31", "object_repr": "Portable Electronic Devices", "action_flag": 2, "change_message": "[{\"changed\": {\"fields\": [\"parent\", \"lft\", \"rght\", \"tree_id\", \"level\"]}}]"}}, {"model": "admin.logentry", "pk": 111, "fields": {"action_time": "2022-07-30T16:21:13.758Z", "user": 1, "content_type": 9, "object_id": "32", "object_repr": "Digital Cameras", "action_flag": 2, "change_message": "[{\"changed\": {\"fields\": [\"parent\", \"lft\", \"rght\", \"tree_id\", \"level\"]}}]"}}, {"model": "admin.logentry", "pk": 112, "fields": {"action_time": "2022-07-30T16:21:19.718Z", "user": 1, "content_type": 9, "object_id": "4", "object_repr": "Electronic Devices", "action_flag": 3, "change_message": ""}}, {"model": "admin.logentry", "pk": 113, "fields": {"action_time": "2022-07-30T16:21:24.519Z", "user": 1, "content_type": 9, "object_id": "5", "object_repr": "Computer and Laptops", "action_flag": 3, "change_message": ""}}, {"model": "admin.logentry", "pk": 114, "fields": {"action_time": "2022-07-30T16:21:52.270Z", "user": 1, "content_type": 9, "object_id": "29", "object_repr": "Portable Electronics", "action_flag": 2, "change_message": "[{\"changed\": {\"fields\": [\"Name\", \"Slug\"]}}]"}}, {"model": "admin.logentry", "pk": 115, "fields": {"action_time": "2022-07-30T16:22:03.687Z", "user": 1, "content_type": 9, "object_id": "29", "object_repr": "Portable Electronics", "action_flag": 2, "change_message": "[{\"changed\": {\"fields\": [\"tree_id\"]}}]"}}, {"model": "admin.logentry", "pk": 116, "fields": {"action_time": "2022-07-30T16:28:11.968Z", "user": 1, "content_type": 10, "object_id": "4", "object_repr": "Samsung QN65QN900BFXZA 8K LED TV (2022)", "action_flag": 1, "change_message": "[{\"added\": {}}, {\"added\": {\"name\": \"variation\", \"object\": \"65\\\"\"}}, {\"added\": {\"name\": \"variation\", \"object\": \"85\\\"\"}}]"}}, {"model": "admin.logentry", "pk": 117, "fields": {"action_time": "2022-07-30T16:30:41.532Z", "user": 1, "content_type": 10, "object_id": "3", "object_repr": "Black Strap For Xiaomi Mi Band 5", "action_flag": 2, "change_message": "[{\"changed\": {\"fields\": [\"Category\", \"Sub category\", \"Img\", \"Img second\"]}}, {\"changed\": {\"name\": \"variation\", \"object\": \"Black\", \"fields\": [\"Variation value\"]}}, {\"deleted\": {\"name\": \"variation\", \"object\": \"\"}}, {\"deleted\": {\"name\": \"variation\", \"object\": \"XL\"}}, {\"deleted\": {\"name\": \"variation\", \"object\": \"S\"}}]"}}, {"model": "admin.logentry", "pk": 118, "fields": {"action_time": "2022-07-30T16:31:33.854Z", "user": 1, "content_type": 10, "object_id": "4", "object_repr": "Samsung QN65QN900BFXZA 8K LED TV (2022)", "action_flag": 2, "change_message": "[{\"changed\": {\"fields\": [\"Is active\"]}}]"}}, {"model": "admin.logentry", "pk": 119, "fields": {"action_time": "2022-07-30T16:32:07.644Z", "user": 1, "content_type": 10, "object_id": "4", "object_repr": "Samsung QN65QN9008K LED TV", "action_flag": 2, "change_message": "[{\"changed\": {\"fields\": [\"Title\"]}}]"}}, {"model": "admin.logentry", "pk": 120, "fields": {"action_time": "2022-07-31T01:04:59.511Z", "user": 1, "content_type": 10, "object_id": "1", "object_repr": "Samsung UN65AU8000FXZA 4K LED (2020)", "action_flag": 2, "change_message": "[{\"changed\": {\"fields\": [\"Title\", \"Category\", \"Sub category\"]}}, {\"added\": {\"name\": \"variation\", \"object\": \"43\\\"\"}}, {\"added\": {\"name\": \"variation\", \"object\": \"50'\\\"\"}}, {\"added\": {\"name\": \"variation\", \"object\": \"55\\\"\"}}]"}}, {"model": "admin.logentry", "pk": 121, "fields": {"action_time": "2022-07-31T01:06:07.149Z", "user": 1, "content_type": 10, "object_id": "1", "object_repr": "Samsung UN65AU8000FXZA 4K LED (2020)", "action_flag": 2, "change_message": "[{\"changed\": {\"fields\": [\"Img\", \"Img second\"]}}]"}}, {"model": "admin.logentry", "pk": 122, "fields": {"action_time": "2022-07-31T01:09:00.868Z", "user": 1, "content_type": 10, "object_id": "5", "object_repr": "5 Pairs Hard Drive Rails Chassis Cage Accessories", "action_flag": 1, "change_message": "[{\"added\": {}}]"}}, {"model": "admin.logentry", "pk": 123, "fields": {"action_time": "2022-07-31T01:11:11.549Z", "user": 1, "content_type": 10, "object_id": "6", "object_repr": "Origin:CN(Origin) Type:Hard Drive Rails Model number:for 3.5 to 5.25 Hard Drive HDD Tray Caddy cage rack  Note: Applicable to the chassis of most slide rail hard drives, But it is not guaranteed to be", "action_flag": 1, "change_message": "[{\"added\": {}}]"}}, {"model": "admin.logentry", "pk": 124, "fields": {"action_time": "2022-07-31T01:11:39.803Z", "user": 1, "content_type": 10, "object_id": "6", "object_repr": "iRobot Roomba E6 Vacuum Cleaning Robot E6198", "action_flag": 2, "change_message": "[{\"changed\": {\"fields\": [\"Title\", \"Description\"]}}]"}}, {"model": "admin.logentry", "pk": 125, "fields": {"action_time": "2022-07-31T01:13:51.885Z", "user": 1, "content_type": 10, "object_id": "7", "object_repr": "Rosewill Air Fryer Convection Toaster Oven, Stainless Steel Exterior", "action_flag": 1, "change_message": "[{\"added\": {}}]"}}, {"model": "admin.logentry", "pk": 126, "fields": {"action_time": "2022-07-31T01:15:44.716Z", "user": 1, "content_type": 10, "object_id": "8", "object_repr": "MOOKA Air Purifier for Home, 3-in-1 True HEPA Filter Air Cleaner for Bedroom and Office, Odor Eliminator for Allergies and Pets", "action_flag": 1, "change_message": "[{\"added\": {}}, {\"added\": {\"name\": \"variation\", \"object\": \"Red\"}}, {\"added\": {\"name\": \"variation\", \"object\": \"Blue\"}}]"}}, {"model": "admin.logentry", "pk": 127, "fields": {"action_time": "2022-07-31T01:15:48.605Z", "user": 1, "content_type": 10, "object_id": "8", "object_repr": "MOOKA Air Purifier for Home, 3-in-1 True HEPA Filter Air Cleaner for Bedroom and Office, Odor Eliminator for Allergies and Pets", "action_flag": 2, "change_message": "[{\"changed\": {\"fields\": [\"Is active\"]}}]"}}, {"model": "admin.logentry", "pk": 128, "fields": {"action_time": "2022-07-31T01:20:52.986Z", "user": 1, "content_type": 10, "object_id": "9", "object_repr": "Samsung - Galaxy Buds Pro True Wireless Earbud Headphones - Phantom Silver", "action_flag": 1, "change_message": "[{\"added\": {}}, {\"added\": {\"name\": \"variation\", \"object\": \"Red\"}}, {\"added\": {\"name\": \"variation\", \"object\": \"Blue\"}}]"}}, {"model": "admin.logentry", "pk": 129, "fields": {"action_time": "2022-07-31T01:26:05.014Z", "user": 1, "content_type": 22, "object_id": "2", "object_repr": "OMKAR30", "action_flag": 2, "change_message": "[{\"changed\": {\"fields\": [\"Quantity\"]}}]"}}, {"model": "admin.logentry", "pk": 130, "fields": {"action_time": "2022-07-31T01:31:56.608Z", "user": 1, "content_type": 10, "object_id": "10", "object_repr": "2021 Apple - 10.2-Inch iPad (9th Generation, Latest Model) with Wi-Fi", "action_flag": 1, "change_message": "[{\"added\": {}}, {\"added\": {\"name\": \"variation\", \"object\": \"Blue\"}}, {\"added\": {\"name\": \"variation\", \"object\": \"Black\"}}, {\"added\": {\"name\": \"variation\", \"object\": \"Grey\"}}]"}}, {"model": "admin.logentry", "pk": 131, "fields": {"action_time": "2022-07-31T01:32:01.192Z", "user": 1, "content_type": 10, "object_id": "10", "object_repr": "2021 Apple - 10.2-Inch iPad (9th Generation, Latest Model) with Wi-Fi", "action_flag": 2, "change_message": "[{\"changed\": {\"fields\": [\"Is active\"]}}]"}}, {"model": "admin.logentry", "pk": 132, "fields": {"action_time": "2022-07-31T01:35:23.738Z", "user": 1, "content_type": 10, "object_id": "11", "object_repr": "Samsung Galaxy Tab S6 Lite 10.4\", 64GB WiFi Tablet Oxford Gray", "action_flag": 1, "change_message": "[{\"added\": {}}, {\"added\": {\"name\": \"variation\", \"object\": \"Blue\"}}, {\"added\": {\"name\": \"variation\", \"object\": \"Grey\"}}]"}}, {"model": "admin.logentry", "pk": 133, "fields": {"action_time": "2022-07-31T01:39:42.782Z", "user": 1, "content_type": 10, "object_id": "12", "object_repr": "BMAX i11 10.4 inch Android 11 Phone Call Tablet 2000x1200 T618 Octa Core 8GB RAM 128GB ROM 4G Network Tablets", "action_flag": 1, "change_message": "[{\"added\": {}}, {\"added\": {\"name\": \"variation\", \"object\": \"White\"}}, {\"added\": {\"name\": \"variation\", \"object\": \"Black\"}}, {\"added\": {\"name\": \"variation\", \"object\": \"Blue\"}}]"}}, {"model": "admin.logentry", "pk": 134, "fields": {"action_time": "2022-07-31T01:43:38.404Z", "user": 1, "content_type": 10, "object_id": "13", "object_repr": "Apple iPad (6th Gen) MR7F2LL/A 9.7\" Tablet 32GB WiFi", "action_flag": 1, "change_message": "[{\"added\": {}}, {\"added\": {\"name\": \"variation\", \"object\": \"White\"}}, {\"added\": {\"name\": \"variation\", \"object\": \"Grey\"}}, {\"added\": {\"name\": \"variation\", \"object\": \"64 GB\"}}, {\"added\": {\"name\": \"variation\", \"object\": \"128GB\"}}]"}}, {"model": "admin.logentry", "pk": 135, "fields": {"action_time": "2022-08-01T01:54:53.902Z", "user": 1, "content_type": 18, "object_id": "35", "object_repr": "Order 9804603799 35", "action_flag": 2, "change_message": "[{\"changed\": {\"name\": \"order item\", \"object\": \"36\", \"fields\": [\"Item status\"]}}]"}}, {"model": "admin.logentry", "pk": 136, "fields": {"action_time": "2022-10-18T04:31:29.031Z", "user": 1, "content_type": 25, "object_id": "1", "object_repr": "Sliders object (1)", "action_flag": 2, "change_message": "[{\"changed\": {\"fields\": [\"Image\"]}}]"}}, {"model": "admin.logentry", "pk": 137, "fields": {"action_time": "2022-10-18T04:31:36.556Z", "user": 1, "content_type": 25, "object_id": "2", "object_repr": "Sliders object (2)", "action_flag": 2, "change_message": "[{\"changed\": {\"fields\": [\"Image\"]}}]"}}, {"model": "admin.logentry", "pk": 138, "fields": {"action_time": "2022-10-18T04:31:41.520Z", "user": 1, "content_type": 25, "object_id": "3", "object_repr": "Sliders object (3)", "action_flag": 3, "change_message": ""}}, {"model": "admin.logentry", "pk": 139, "fields": {"action_time": "2022-10-18T04:45:56.276Z", "user": 1, "content_type": 10, "object_id": "13", "object_repr": "Apple iPad (6th Gen) MR7F2LL/A 9.7\" Tablet 32GB WiFi", "action_flag": 2, "change_message": "[{\"changed\": {\"fields\": [\"Img\", \"Img second\"]}}]"}}, {"model": "admin.logentry", "pk": 140, "fields": {"action_time": "2022-10-18T04:45:56.287Z", "user": 1, "content_type": 10, "object_id": "12", "object_repr": "BMAX i11 10.4 inch Android 11 Phone Call Tablet 2000x1200 T618 Octa Core 8GB RAM 128GB ROM 4G Network Tablets", "action_flag": 2, "change_message": "[{\"changed\": {\"fields\": [\"Img\", \"Img second\"]}}]"}}, {"model": "admin.logentry", "pk": 141, "fields": {"action_time": "2022-10-18T04:45:56.296Z", "user": 1, "content_type": 10, "object_id": "11", "object_repr": "Samsung Galaxy Tab S6 Lite 10.4\", 64GB WiFi Tablet Oxford Gray", "action_flag": 2, "change_message": "[{\"changed\": {\"fields\": [\"Img\", \"Img second\"]}}]"}}, {"model": "admin.logentry", "pk": 142, "fields": {"action_time": "2022-10-18T04:45:56.304Z", "user": 1, "content_type": 10, "object_id": "10", "object_repr": "2021 Apple - 10.2-Inch iPad (9th Generation, Latest Model) with Wi-Fi", "action_flag": 2, "change_message": "[{\"changed\": {\"fields\": [\"Img\", \"Img second\"]}}]"}}, {"model": "admin.logentry", "pk": 143, "fields": {"action_time": "2022-10-18T04:45:56.312Z", "user": 1, "content_type": 10, "object_id": "9", "object_repr": "Samsung - Galaxy Buds Pro True Wireless Earbud Headphones - Phantom Silver", "action_flag": 2, "change_message": "[{\"changed\": {\"fields\": [\"Img\", \"Img second\"]}}]"}}, {"model": "admin.logentry", "pk": 144, "fields": {"action_time": "2022-10-18T04:45:56.319Z", "user": 1, "content_type": 10, "object_id": "8", "object_repr": "MOOKA Air Purifier for Home, 3-in-1 True HEPA Filter Air Cleaner for Bedroom and Office, Odor Eliminator for Allergies and Pets", "action_flag": 2, "change_message": "[{\"changed\": {\"fields\": [\"Img\", \"Img second\"]}}]"}}, {"model": "admin.logentry", "pk": 145, "fields": {"action_time": "2022-10-18T04:45:56.328Z", "user": 1, "content_type": 10, "object_id": "7", "object_repr": "Rosewill Air Fryer Convection Toaster Oven, Stainless Steel Exterior", "action_flag": 2, "change_message": "[{\"changed\": {\"fields\": [\"Img\", \"Img second\"]}}]"}}, {"model": "admin.logentry", "pk": 146, "fields": {"action_time": "2022-10-18T04:45:56.338Z", "user": 1, "content_type": 10, "object_id": "6", "object_repr": "iRobot Roomba E6 Vacuum Cleaning Robot E6198", "action_flag": 2, "change_message": "[{\"changed\": {\"fields\": [\"Img\", \"Img second\"]}}]"}}, {"model": "admin.logentry", "pk": 147, "fields": {"action_time": "2022-10-18T04:45:56.347Z", "user": 1, "content_type": 10, "object_id": "5", "object_repr": "5 Pairs Hard Drive Rails Chassis Cage Accessories", "action_flag": 2, "change_message": "[{\"changed\": {\"fields\": [\"Img\", \"Img second\"]}}]"}}, {"model": "admin.logentry", "pk": 148, "fields": {"action_time": "2022-10-18T04:45:56.356Z", "user": 1, "content_type": 10, "object_id": "4", "object_repr": "Samsung QN65QN9008K LED TV", "action_flag": 2, "change_message": "[{\"changed\": {\"fields\": [\"Img\", \"Img second\"]}}]"}}, {"model": "admin.logentry", "pk": 149, "fields": {"action_time": "2022-10-18T04:45:56.365Z", "user": 1, "content_type": 10, "object_id": "3", "object_repr": "Black Strap For Xiaomi Mi Band 5", "action_flag": 2, "change_message": "[{\"changed\": {\"fields\": [\"Img\", \"Img second\"]}}]"}}, {"model": "admin.logentry", "pk": 150, "fields": {"action_time": "2022-10-18T04:45:56.374Z", "user": 1, "content_type": 10, "object_id": "1", "object_repr": "Samsung UN65AU8000FXZA 4K LED (2020)", "action_flag": 2, "change_message": "[{\"changed\": {\"fields\": [\"Img\", \"Img second\"]}}]"}}, {"model": "auth.permission", "pk": 1, "fields": {"name": "Can add log entry", "content_type": 1, "codename": "add_logentry"}}, {"model": "auth.permission", "pk": 2, "fields": {"name": "Can change log entry", "content_type": 1, "codename": "change_logentry"}}, {"model": "auth.permission", "pk": 3, "fields": {"name": "Can delete log entry", "content_type": 1, "codename": "delete_logentry"}}, {"model": "auth.permission", "pk": 4, "fields": {"name": "Can view log entry", "content_type": 1, "codename": "view_logentry"}}, {"model": "auth.permission", "pk": 5, "fields": {"name": "Can add permission", "content_type": 2, "codename": "add_permission"}}, {"model": "auth.permission", "pk": 6, "fields": {"name": "Can change permission", "content_type": 2, "codename": "change_permission"}}, {"model": "auth.permission", "pk": 7, "fields": {"name": "Can delete permission", "content_type": 2, "codename": "delete_permission"}}, {"model": "auth.permission", "pk": 8, "fields": {"name": "Can view permission", "content_type": 2, "codename": "view_permission"}}, {"model": "auth.permission", "pk": 9, "fields": {"name": "Can add group", "content_type": 3, "codename": "add_group"}}, {"model": "auth.permission", "pk": 10, "fields": {"name": "Can change group", "content_type": 3, "codename": "change_group"}}, {"model": "auth.permission", "pk": 11, "fields": {"name": "Can delete group", "content_type": 3, "codename": "delete_group"}}, {"model": "auth.permission", "pk": 12, "fields": {"name": "Can view group", "content_type": 3, "codename": "view_group"}}, {"model": "auth.permission", "pk": 13, "fields": {"name": "Can add content type", "content_type": 4, "codename": "add_contenttype"}}, {"model": "auth.permission", "pk": 14, "fields": {"name": "Can change content type", "content_type": 4, "codename": "change_contenttype"}}, {"model": "auth.permission", "pk": 15, "fields": {"name": "Can delete content type", "content_type": 4, "codename": "delete_contenttype"}}, {"model": "auth.permission", "pk": 16, "fields": {"name": "Can view content type", "content_type": 4, "codename": "view_contenttype"}}, {"model": "auth.permission", "pk": 17, "fields": {"name": "Can add session", "content_type": 5, "codename": "add_session"}}, {"model": "auth.permission", "pk": 18, "fields": {"name": "Can change session", "content_type": 5, "codename": "change_session"}}, {"model": "auth.permission", "pk": 19, "fields": {"name": "Can delete session", "content_type": 5, "codename": "delete_session"}}, {"model": "auth.permission", "pk": 20, "fields": {"name": "Can view session", "content_type": 5, "codename": "view_session"}}, {"model": "auth.permission", "pk": 21, "fields": {"name": "Can add user", "content_type": 6, "codename": "add_user"}}, {"model": "auth.permission", "pk": 22, "fields": {"name": "Can change user", "content_type": 6, "codename": "change_user"}}, {"model": "auth.permission", "pk": 23, "fields": {"name": "Can delete user", "content_type": 6, "codename": "delete_user"}}, {"model": "auth.permission", "pk": 24, "fields": {"name": "Can view user", "content_type": 6, "codename": "view_user"}}, {"model": "auth.permission", "pk": 25, "fields": {"name": "Can add customer", "content_type": 7, "codename": "add_customer"}}, {"model": "auth.permission", "pk": 26, "fields": {"name": "Can change customer", "content_type": 7, "codename": "change_customer"}}, {"model": "auth.permission", "pk": 27, "fields": {"name": "Can delete customer", "content_type": 7, "codename": "delete_customer"}}, {"model": "auth.permission", "pk": 28, "fields": {"name": "Can view customer", "content_type": 7, "codename": "view_customer"}}, {"model": "auth.permission", "pk": 29, "fields": {"name": "Can add sms activation", "content_type": 8, "codename": "add_smsactivation"}}, {"model": "auth.permission", "pk": 30, "fields": {"name": "Can change sms activation", "content_type": 8, "codename": "change_smsactivation"}}, {"model": "auth.permission", "pk": 31, "fields": {"name": "Can delete sms activation", "content_type": 8, "codename": "delete_smsactivation"}}, {"model": "auth.permission", "pk": 32, "fields": {"name": "Can view sms activation", "content_type": 8, "codename": "view_smsactivation"}}, {"model": "auth.permission", "pk": 33, "fields": {"name": "Can add category", "content_type": 9, "codename": "add_category"}}, {"model": "auth.permission", "pk": 34, "fields": {"name": "Can change category", "content_type": 9, "codename": "change_category"}}, {"model": "auth.permission", "pk": 35, "fields": {"name": "Can delete category", "content_type": 9, "codename": "delete_category"}}, {"model": "auth.permission", "pk": 36, "fields": {"name": "Can view category", "content_type": 9, "codename": "view_category"}}, {"model": "auth.permission", "pk": 37, "fields": {"name": "Can add Product", "content_type": 10, "codename": "add_product"}}, {"model": "auth.permission", "pk": 38, "fields": {"name": "Can change Product", "content_type": 10, "codename": "change_product"}}, {"model": "auth.permission", "pk": 39, "fields": {"name": "Can delete Product", "content_type": 10, "codename": "delete_product"}}, {"model": "auth.permission", "pk": 40, "fields": {"name": "Can view Product", "content_type": 10, "codename": "view_product"}}, {"model": "auth.permission", "pk": 41, "fields": {"name": "Can add variation", "content_type": 11, "codename": "add_variation"}}, {"model": "auth.permission", "pk": 42, "fields": {"name": "Can change variation", "content_type": 11, "codename": "change_variation"}}, {"model": "auth.permission", "pk": 43, "fields": {"name": "Can delete variation", "content_type": 11, "codename": "delete_variation"}}, {"model": "auth.permission", "pk": 44, "fields": {"name": "Can view variation", "content_type": 11, "codename": "view_variation"}}, {"model": "auth.permission", "pk": 45, "fields": {"name": "Can add wishlist", "content_type": 12, "codename": "add_wishlist"}}, {"model": "auth.permission", "pk": 46, "fields": {"name": "Can change wishlist", "content_type": 12, "codename": "change_wishlist"}}, {"model": "auth.permission", "pk": 47, "fields": {"name": "Can delete wishlist", "content_type": 12, "codename": "delete_wishlist"}}, {"model": "auth.permission", "pk": 48, "fields": {"name": "Can view wishlist", "content_type": 12, "codename": "view_wishlist"}}, {"model": "auth.permission", "pk": 49, "fields": {"name": "Can add wishlist item", "content_type": 13, "codename": "add_wishlistitem"}}, {"model": "auth.permission", "pk": 50, "fields": {"name": "Can change wishlist item", "content_type": 13, "codename": "change_wishlistitem"}}, {"model": "auth.permission", "pk": 51, "fields": {"name": "Can delete wishlist item", "content_type": 13, "codename": "delete_wishlistitem"}}, {"model": "auth.permission", "pk": 52, "fields": {"name": "Can view wishlist item", "content_type": 13, "codename": "view_wishlistitem"}}, {"model": "auth.permission", "pk": 53, "fields": {"name": "Can add search terms", "content_type": 14, "codename": "add_searchterms"}}, {"model": "auth.permission", "pk": 54, "fields": {"name": "Can change search terms", "content_type": 14, "codename": "change_searchterms"}}, {"model": "auth.permission", "pk": 55, "fields": {"name": "Can delete search terms", "content_type": 14, "codename": "delete_searchterms"}}, {"model": "auth.permission", "pk": 56, "fields": {"name": "Can view search terms", "content_type": 14, "codename": "view_searchterms"}}, {"model": "auth.permission", "pk": 57, "fields": {"name": "Can add cart", "content_type": 15, "codename": "add_cart"}}, {"model": "auth.permission", "pk": 58, "fields": {"name": "Can change cart", "content_type": 15, "codename": "change_cart"}}, {"model": "auth.permission", "pk": 59, "fields": {"name": "Can delete cart", "content_type": 15, "codename": "delete_cart"}}, {"model": "auth.permission", "pk": 60, "fields": {"name": "Can view cart", "content_type": 15, "codename": "view_cart"}}, {"model": "auth.permission", "pk": 61, "fields": {"name": "Can add cart item", "content_type": 16, "codename": "add_cartitem"}}, {"model": "auth.permission", "pk": 62, "fields": {"name": "Can change cart item", "content_type": 16, "codename": "change_cartitem"}}, {"model": "auth.permission", "pk": 63, "fields": {"name": "Can delete cart item", "content_type": 16, "codename": "delete_cartitem"}}, {"model": "auth.permission", "pk": 64, "fields": {"name": "Can view cart item", "content_type": 16, "codename": "view_cartitem"}}, {"model": "auth.permission", "pk": 65, "fields": {"name": "Can add address", "content_type": 17, "codename": "add_address"}}, {"model": "auth.permission", "pk": 66, "fields": {"name": "Can change address", "content_type": 17, "codename": "change_address"}}, {"model": "auth.permission", "pk": 67, "fields": {"name": "Can delete address", "content_type": 17, "codename": "delete_address"}}, {"model": "auth.permission", "pk": 68, "fields": {"name": "Can view address", "content_type": 17, "codename": "view_address"}}, {"model": "auth.permission", "pk": 69, "fields": {"name": "Can add order", "content_type": 18, "codename": "add_order"}}, {"model": "auth.permission", "pk": 70, "fields": {"name": "Can change order", "content_type": 18, "codename": "change_order"}}, {"model": "auth.permission", "pk": 71, "fields": {"name": "Can delete order", "content_type": 18, "codename": "delete_order"}}, {"model": "auth.permission", "pk": 72, "fields": {"name": "Can view order", "content_type": 18, "codename": "view_order"}}, {"model": "auth.permission", "pk": 73, "fields": {"name": "Can add order item", "content_type": 19, "codename": "add_orderitem"}}, {"model": "auth.permission", "pk": 74, "fields": {"name": "Can change order item", "content_type": 19, "codename": "change_orderitem"}}, {"model": "auth.permission", "pk": 75, "fields": {"name": "Can delete order item", "content_type": 19, "codename": "delete_orderitem"}}, {"model": "auth.permission", "pk": 76, "fields": {"name": "Can view order item", "content_type": 19, "codename": "view_orderitem"}}, {"model": "auth.permission", "pk": 77, "fields": {"name": "Can add return order", "content_type": 20, "codename": "add_returnorder"}}, {"model": "auth.permission", "pk": 78, "fields": {"name": "Can change return order", "content_type": 20, "codename": "change_returnorder"}}, {"model": "auth.permission", "pk": 79, "fields": {"name": "Can delete return order", "content_type": 20, "codename": "delete_returnorder"}}, {"model": "auth.permission", "pk": 80, "fields": {"name": "Can view return order", "content_type": 20, "codename": "view_returnorder"}}, {"model": "auth.permission", "pk": 81, "fields": {"name": "Can add review", "content_type": 21, "codename": "add_review"}}, {"model": "auth.permission", "pk": 82, "fields": {"name": "Can change review", "content_type": 21, "codename": "change_review"}}, {"model": "auth.permission", "pk": 83, "fields": {"name": "Can delete review", "content_type": 21, "codename": "delete_review"}}, {"model": "auth.permission", "pk": 84, "fields": {"name": "Can view review", "content_type": 21, "codename": "view_review"}}, {"model": "auth.permission", "pk": 85, "fields": {"name": "Can add coupon", "content_type": 22, "codename": "add_coupon"}}, {"model": "auth.permission", "pk": 86, "fields": {"name": "Can change coupon", "content_type": 22, "codename": "change_coupon"}}, {"model": "auth.permission", "pk": 87, "fields": {"name": "Can delete coupon", "content_type": 22, "codename": "delete_coupon"}}, {"model": "auth.permission", "pk": 88, "fields": {"name": "Can view coupon", "content_type": 22, "codename": "view_coupon"}}, {"model": "auth.permission", "pk": 89, "fields": {"name": "Can add coupon user", "content_type": 23, "codename": "add_couponuser"}}, {"model": "auth.permission", "pk": 90, "fields": {"name": "Can change coupon user", "content_type": 23, "codename": "change_couponuser"}}, {"model": "auth.permission", "pk": 91, "fields": {"name": "Can delete coupon user", "content_type": 23, "codename": "delete_couponuser"}}, {"model": "auth.permission", "pk": 92, "fields": {"name": "Can view coupon user", "content_type": 23, "codename": "view_couponuser"}}, {"model": "auth.permission", "pk": 93, "fields": {"name": "Can add Page", "content_type": 24, "codename": "add_pages"}}, {"model": "auth.permission", "pk": 94, "fields": {"name": "Can change Page", "content_type": 24, "codename": "change_pages"}}, {"model": "auth.permission", "pk": 95, "fields": {"name": "Can delete Page", "content_type": 24, "codename": "delete_pages"}}, {"model": "auth.permission", "pk": 96, "fields": {"name": "Can view Page", "content_type": 24, "codename": "view_pages"}}, {"model": "auth.permission", "pk": 97, "fields": {"name": "Can add sliders", "content_type": 25, "codename": "add_sliders"}}, {"model": "auth.permission", "pk": 98, "fields": {"name": "Can change sliders", "content_type": 25, "codename": "change_sliders"}}, {"model": "auth.permission", "pk": 99, "fields": {"name": "Can delete sliders", "content_type": 25, "codename": "delete_sliders"}}, {"model": "auth.permission", "pk": 100, "fields": {"name": "Can view sliders", "content_type": 25, "codename": "view_sliders"}}, {"model": "contenttypes.contenttype", "pk": 1, "fields": {"app_label": "admin", "model": "logentry"}}, {"model": "contenttypes.contenttype", "pk": 2, "fields": {"app_label": "auth", "model": "permission"}}, {"model": "contenttypes.contenttype", "pk": 3, "fields": {"app_label": "auth", "model": "group"}}, {"model": "contenttypes.contenttype", "pk": 4, "fields": {"app_label": "contenttypes", "model": "contenttype"}}, {"model": "contenttypes.contenttype", "pk": 5, "fields": {"app_label": "sessions", "model": "session"}}, {"model": "contenttypes.contenttype", "pk": 6, "fields": {"app_label": "accounts", "model": "user"}}, {"model": "contenttypes.contenttype", "pk": 7, "fields": {"app_label": "accounts", "model": "customer"}}, {"model": "contenttypes.contenttype", "pk": 8, "fields": {"app_label": "accounts", "model": "smsactivation"}}, {"model": "contenttypes.contenttype", "pk": 9, "fields": {"app_label": "product", "model": "category"}}, {"model": "contenttypes.contenttype", "pk": 10, "fields": {"app_label": "product", "model": "product"}}, {"model": "contenttypes.contenttype", "pk": 11, "fields": {"app_label": "product", "model": "variation"}}, {"model": "contenttypes.contenttype", "pk": 12, "fields": {"app_label": "wishlist", "model": "wishlist"}}, {"model": "contenttypes.contenttype", "pk": 13, "fields": {"app_label": "wishlist", "model": "wishlistitem"}}, {"model": "contenttypes.contenttype", "pk": 14, "fields": {"app_label": "search", "model": "searchterms"}}, {"model": "contenttypes.contenttype", "pk": 15, "fields": {"app_label": "cart", "model": "cart"}}, {"model": "contenttypes.contenttype", "pk": 16, "fields": {"app_label": "cart", "model": "cartitem"}}, {"model": "contenttypes.contenttype", "pk": 17, "fields": {"app_label": "address", "model": "address"}}, {"model": "contenttypes.contenttype", "pk": 18, "fields": {"app_label": "orders", "model": "order"}}, {"model": "contenttypes.contenttype", "pk": 19, "fields": {"app_label": "orders", "model": "orderitem"}}, {"model": "contenttypes.contenttype", "pk": 20, "fields": {"app_label": "orders", "model": "returnorder"}}, {"model": "contenttypes.contenttype", "pk": 21, "fields": {"app_label": "review", "model": "review"}}, {"model": "contenttypes.contenttype", "pk": 22, "fields": {"app_label": "coupons", "model": "coupon"}}, {"model": "contenttypes.contenttype", "pk": 23, "fields": {"app_label": "coupons", "model": "couponuser"}}, {"model": "contenttypes.contenttype", "pk": 24, "fields": {"app_label": "home", "model": "pages"}}, {"model": "contenttypes.contenttype", "pk": 25, "fields": {"app_label": "home", "model": "sliders"}}, {"model": "sessions.session", "pk": "7ue3ajzrfnohxujhzbo0vnvwh4mualn8", "fields": {"session_data": ".eJxVjDkOwjAUBe_iGlnxjinpcwbLfzEOIEeKkwpxd4iUAto3M-8lUt7WmrbOS5pIXIQSp98NMj647YDuud1miXNblwnkrsiDdjnOxM_r4f4d1Nzrt4ZgIxm0VmlfiLwpWrEuwdoIMapieHConKegGT05QOMGLj7CmRUjivcH3os4QA:1okeFz:sCQ2ojUh3i_-aF_mNHTo3N2w5fKQ8j_G-TuGtmWNOyA", "expire_date": "2022-11-01T04:31:11.272Z"}}, {"model": "sessions.session", "pk": "cwepwznounxkecqjg3gizgenwdeonfnm", "fields": {"session_data": ".eJxVjDkOwjAUBe_iGlnxjinpcwbLfzEOIEeKkwpxd4iUAto3M-8lUt7WmrbOS5pIXIQSp98NMj647YDuud1miXNblwnkrsiDdjnOxM_r4f4d1Nzrt4ZgIxm0VmlfiLwpWrEuwdoIMapieHConKegGT05QOMGLj7CmRUjivcH3os4QA:1oHnmb:Ywub2jzhRwwCseDy0p5edLyLVBNpxeOsbBPPv6rZkyU", "expire_date": "2022-08-13T14:49:37.768Z"}}, {"model": "sessions.session", "pk": "h5d4jm21teeo3lfzg4b9q20c70uja8id", "fields": {"session_data": ".eJxVjDkOwjAUBe_iGlnxjinpcwbLfzEOIEeKkwpxd4iUAto3M-8lUt7WmrbOS5pIXIQSp98NMj647YDuud1miXNblwnkrsiDdjnOxM_r4f4d1Nzrt4ZgIxm0VmlfiLwpWrEuwdoIMapieHConKegGT05QOMGLj7CmRUjivcH3os4QA:1o7c4i:zFPNc9e3pkcxMf83XKtFS1iaJB12sIlYpnfFim3es7c", "expire_date": "2022-07-16T12:18:12.301Z"}}, {"model": "sessions.session", "pk": "jx2ey6pjjzuviluzdx7tfzeerq5ry15t", "fields": {"session_data": ".eJxVjDkOwjAUBe_iGlnxjinpcwbLfzEOIEeKkwpxd4iUAto3M-8lUt7WmrbOS5pIXIQSp98NMj647YDuud1miXNblwnkrsiDdjnOxM_r4f4d1Nzrt4ZgIxm0VmlfiLwpWrEuwdoIMapieHConKegGT05QOMGLj7CmRUjivcH3os4QA:1o7V6u:8NdmYRGn6H-OdvanR53elhj_lNhed7nkMXmBplAMMrY", "expire_date": "2022-07-16T04:52:00.284Z"}}, {"model": "sessions.session", "pk": "qjqjbnh6np2psp8uddtkno9cy48x7qhj", "fields": {"session_data": ".eJxVjDkOwjAUBe_iGlnxjinpcwbLfzEOIEeKkwpxd4iUAto3M-8lUt7WmrbOS5pIXIQSp98NMj647YDuud1miXNblwnkrsiDdjnOxM_r4f4d1Nzrt4ZgIxm0VmlfiLwpWrEuwdoIMapieHConKegGT05QOMGLj7CmRUjivcH3os4QA:1oHxho:8ggzi6Udfrcy552-TMIuCPQ6zoX1BWt3ghSVut5GviI", "expire_date": "2022-08-14T01:25:20.182Z"}}, {"model": "sessions.session", "pk": "sfytr8mof0t67ybxsqic0hpn7z0a8iwv", "fields": {"session_data": ".eJxVjDsOwjAQBe_iGln-B1PScwbL3l3jALKjOKkQdyeR0qSdmfe-bCqtErsxJYRgFxbiupSwdprDiBuWZ5YivKnuAl-xPhuHVpd5THxP-GE7fzSkz_1oTwcl9rKt02A8ajBGKpcRnc5KksqDMT55L7MmYUFah4MicGgTaCsoO5-uJAmA_f6NMjwK:1oGf3z:aMd6hQpykmfIP4RqYpC15gRA0MNjf1SvEXJ9IVSSwWM", "expire_date": "2022-08-10T11:18:51.318Z"}}, {"model": "sessions.session", "pk": "spreu74d8n9tjs2zdquo5qshqxxfuijm", "fields": {"session_data": ".eJxVjDkOwjAUBe_iGlnxjinpcwbLfzEOIEeKkwpxd4iUAto3M-8lUt7WmrbOS5pIXIQSp98NMj647YDuud1miXNblwnkrsiDdjnOxM_r4f4d1Nzrt4ZgIxm0VmlfiLwpWrEuwdoIMapieHConKegGT05QOMGLj7CmRUjivcH3os4QA:1oHxND:UumBviWBIGv4dcU3tnTTzk4Te3yNZwqv7RYRhbtiBs8", "expire_date": "2022-08-14T01:04:03.762Z"}}, {"model": "sessions.session", "pk": "tokgshdn95265sr3slhwbnaqr0n17dnp", "fields": {"session_data": ".eJxVjDsOwyAQBe9CHSHA68WkTJ8zWAu7Dk4iiPypotw9tuTG7ZuZ91WfXIuoqwqdATSND0FdVE_rkvt1lqkfeYN43iKll5Qd8JPKo-pUyzKNUe-KPuis75XlfTvc00GmOW-1WIli0TkLAwlBEBBGCx4GZGvQO0QAomAp-BQ4mc5hw7YdWoyGvPr9AZkbPME:1oIKcK:ekLpHF3v482OTucwdNZF0PBLejiDSDawwBzIquRQrtc", "expire_date": "2022-08-15T01:53:12.629Z"}}, {"model": "sessions.session", "pk": "umxpw9f665yj3extvh3cd66uw3f6eoa0", "fields": {"session_data": ".eJxVjDsOwjAQBe_iGllef2Kbkp4zRGvvBgeQjfKpEHcnkdKkfTPzvuJTWmVxFTGAiypqCOIielyX0q8zT_1IG9TnLWF-cd0BPbE-msytLtOY5K7Ig87y3ojft8M9HRScy1Y7IGM8DgktWIiJchjQEEHWRmXOwQ-Kuxx9YGLwwVtAhww6pc6hU-L3B63_PZ4:1o80OX:VnOJwYFHDDZLDyIXXEFQQcQicN5vVTle8hG1hBhPXKE", "expire_date": "2022-07-17T14:16:17.507Z"}}, {"model": "sessions.session", "pk": "vfya238foka6iib11kgizw0ljutkea7d", "fields": {"session_data": ".eJxVjDsOwjAQBe_iGllef2Kbkp4zRGvvBgeQjfKpEHcnkdKkfTPzvuJTWmVxFTGAiypqCOIielyX0q8zT_1IG9TnLWF-cd0BPbE-msytLtOY5K7Ig87y3ojft8M9HRScy1Y7IGM8DgktWIiJchjQEEHWRmXOwQ-Kuxx9YGLwwVtAhww6pc6hU-L3B63_PZ4:1o7cWq:5psfxiQ3RQSSjV27JftUlIAGBihZvlL4k0K-YOLAWOg", "expire_date": "2022-07-16T12:47:16.460Z"}}, {"model": "sessions.session", "pk": "vi5dp9qx9w90kiagjkorek0ctmw4ua1h", "fields": {"session_data": ".eJxVj8sOwiAQRf-FtWmAUiouTVz6DQSGQaoWmkLjK_67NDExbs-9c3LnRaaQIpId4ZRSsiHaLCXoJeOsB1cx-2fWwAXjGriziafUQIplHmyzVppvmptjcnjdf7t_gmByqNe2F8q1IATj0jsnW88Zct8LoaxSzLdIO2CddD1HkK6z0HYUvVR2iwwBqnSIucwLlCHFKnzC817hOsdA0XEZLc6_tybzGDEWPWIJaZ1_yHgz5P0BSJdTzg:1oHfpu:PCXjn7LR_sRGAKlZxVtDeokNRlIpfiM9x-QMuUKhkcs", "expire_date": "2022-08-13T06:20:30.128Z"}}, {"model": "sessions.session", "pk": "zknvgjl3frl4p24d06yxuu1anto854y6", "fields": {"session_data": ".eJxVjDkOwjAUBe_iGlnxjinpcwbLfzEOIEeKkwpxd4iUAto3M-8lUt7WmrbOS5pIXIQSp98NMj647YDuud1miXNblwnkrsiDdjnOxM_r4f4d1Nzrt4ZgIxm0VmlfiLwpWrEuwdoIMapieHConKegGT05QOMGLj7CmRUjivcH3os4QA:1oGf3q:Y_J3Uw1swoMkm6sMTItBai2wOx9cmpI9on8Ng5ggabA", "expire_date": "2022-08-10T11:18:42.128Z"}}, {"model": "accounts.user", "pk": 1, "fields": {"password": "pbkdf2_sha256$260000$rTzTjIhrMJ8HQ53BnOfCUI$ScllKxMZoepr0QSx0m25MGLgDl8/6mNkjy/E4ear8EI=", "last_login": "2022-10-18T04:31:11.265Z", "is_superuser": true, "first_name": "Suraj", "last_name": "Bhattarai", "email": "", "is_staff": true, "is_active": true, "date_joined": "2022-07-02T04:51:36Z", "phone": "2000", "groups": [], "user_permissions": []}}, {"model": "accounts.user", "pk": 2, "fields": {"password": "pbkdf2_sha256$260000$rhQ9TgAUXuDbcZSbFGF9MF$4engleqv62DfvqxZ1BXZQt29kQBIPIvDJICXhYejRmE=", "last_login": "2022-07-03T14:16:17.507Z", "is_superuser": false, "first_name": "Suraj", "last_name": "Bhattarai", "email": "suraj@gmail.com", "is_staff": false, "is_active": true, "date_joined": "2022-07-02T12:46:53.212Z", "phone": "9815909218", "groups": [], "user_permissions": []}}, {"model": "accounts.user", "pk": 3, "fields": {"password": "pbkdf2_sha256$260000$QluNf2uVTnt6ZD4MjMxhFb$cXh43EgdkteX22TB/RLRNDudOrfOI8MtjoGWqI2Ut44=", "last_login": "2022-07-30T16:09:34.784Z", "is_superuser": false, "first_name": "Suraj", "last_name": "Bhattarai", "email": "suraj@gmail.com", "is_staff": false, "is_active": true, "date_joined": "2022-07-30T16:07:53.170Z", "phone": "9851320867", "groups": [], "user_permissions": []}}, {"model": "accounts.user", "pk": 4, "fields": {"password": "pbkdf2_sha256$260000$qXifOopPfzbzA8BNiL05W4$KXeArO/AscUEF8Q2dyCs5XlWq+WnMktMyKzcI/jRq08=", "last_login": null, "is_superuser": false, "first_name": "Nabeen", "last_name": "Parajuli", "email": "nabin@gmail.com", "is_staff": false, "is_active": true, "date_joined": "2022-07-31T01:21:51.704Z", "phone": "9817073309", "groups": [], "user_permissions": []}}, {"model": "accounts.user", "pk": 5, "fields": {"password": "pbkdf2_sha256$260000$MvUGusArZnxd65fpiKkKnI$QKEwlbFaUTRUszeMdCCWw6yRbih1zRtYtosoEmGz/YY=", "last_login": "2022-07-31T01:23:14.204Z", "is_superuser": false, "first_name": "Nabeen", "last_name": "Parajuli", "email": "nabin@gmail.com", "is_staff": false, "is_active": true, "date_joined": "2022-07-31T01:22:24.933Z", "phone": "9819976496", "groups": [], "user_permissions": []}}, {"model": "accounts.user", "pk": 6, "fields": {"password": "pbkdf2_sha256$260000$FJCWxLlhQPgPunrWGqmQZ6$YOHSs7AWF3M9502hC66kuyMIfgrLDMS80CVjEqpqhbc=", "last_login": "2022-08-01T01:53:12.629Z", "is_superuser": false, "first_name": "Rupesh", "last_name": "Chaudary", "email": "rupesh2020@gmail.com", "is_staff": false, "is_active": true, "date_joined": "2022-08-01T01:52:31.777Z", "phone": "9804603799", "groups": [], "user_permissions": []}}, {"model": "accounts.user", "pk": 7, "fields": {"password": "pbkdf2_sha256$260000$qbUpasPar59hHfqT1kBGkX$aWQAxpTNr4tEaHjCWro+/r2WuShzRWFcXLs4OZcH1YI=", "last_login": null, "is_superuser": true, "first_name": "Suraj", "last_name": "Bhattarai", "email": "admin@gmail.com", "is_staff": true, "is_active": true, "date_joined": "2022-10-18T04:30:38.483Z", "phone": "9876543210", "groups": [], "user_permissions": []}}, {"model": "accounts.smsactivation", "pk": 1, "fields": {"user": 1, "code": "54097", "phone": "2000", "activated": true, "created": "2022-07-02T04:51:36.671Z", "update": "2022-07-27T11:18:51.313Z", "resend": 0}}, {"model": "accounts.smsactivation", "pk": 2, "fields": {"user": 2, "code": "54747", "phone": "9815909218", "activated": true, "created": "2022-07-02T12:46:53.660Z", "update": "2022-07-02T12:47:16.442Z", "resend": 0}}, {"model": "accounts.smsactivation", "pk": 3, "fields": {"user": 3, "code": "17931", "phone": "9851320867", "activated": true, "created": "2022-07-30T16:07:53.490Z", "update": "2022-07-30T16:09:34.776Z", "resend": 0}}, {"model": "accounts.smsactivation", "pk": 4, "fields": {"user": 4, "code": "89628", "phone": "9817073309", "activated": false, "created": "2022-07-31T01:21:51.918Z", "update": "2022-07-31T01:21:51.918Z", "resend": 0}}, {"model": "accounts.smsactivation", "pk": 5, "fields": {"user": 5, "code": "29316", "phone": "9819976496", "activated": true, "created": "2022-07-31T01:22:25.008Z", "update": "2022-07-31T01:23:14.200Z", "resend": 0}}, {"model": "accounts.smsactivation", "pk": 6, "fields": {"user": 6, "code": "07133", "phone": "9804603799", "activated": true, "created": "2022-08-01T01:52:32.110Z", "update": "2022-08-01T01:53:12.613Z", "resend": 0}}, {"model": "accounts.smsactivation", "pk": 7, "fields": {"user": 7, "code": "01469", "phone": "9876543210", "activated": false, "created": "2022-10-18T04:30:38.584Z", "update": "2022-10-18T04:30:38.584Z", "resend": 0}}, {"model": "product.category", "pk": 3, "fields": {"name": "Android", "parent": 10, "slug": "android", "lft": 4, "rght": 5, "tree_id": 26, "level": 1}}, {"model": "product.category", "pk": 7, "fields": {"name": "Iphone", "parent": 10, "slug": "iphone", "lft": 2, "rght": 3, "tree_id": 26, "level": 1}}, {"model": "product.category", "pk": 8, "fields": {"name": "TV & Home Theater", "parent": null, "slug": "tv-home-theater", "lft": 1, "rght": 6, "tree_id": 24, "level": 0}}, {"model": "product.category", "pk": 9, "fields": {"name": "Home Appliances", "parent": null, "slug": "home-appliances", "lft": 1, "rght": 6, "tree_id": 25, "level": 0}}, {"model": "product.category", "pk": 10, "fields": {"name": "Mobile Phones", "parent": null, "slug": "mobile-phones", "lft": 1, "rght": 14, "tree_id": 26, "level": 0}}, {"model": "product.category", "pk": 11, "fields": {"name": "Tablets", "parent": null, "slug": "tablets", "lft": 1, "rght": 10, "tree_id": 28, "level": 0}}, {"model": "product.category", "pk": 12, "fields": {"name": "Specialty Electronics", "parent": null, "slug": "specialty-electronics", "lft": 1, "rght": 6, "tree_id": 30, "level": 0}}, {"model": "product.category", "pk": 13, "fields": {"name": "Refurbished", "parent": null, "slug": "refurbished", "lft": 1, "rght": 8, "tree_id": 34, "level": 0}}, {"model": "product.category", "pk": 14, "fields": {"name": "TV & Video", "parent": 8, "slug": "tv-video", "lft": 2, "rght": 3, "tree_id": 24, "level": 1}}, {"model": "product.category", "pk": 15, "fields": {"name": "Home Audio & Home Theater", "parent": 8, "slug": "home-audio-home-theater", "lft": 4, "rght": 5, "tree_id": 24, "level": 1}}, {"model": "product.category", "pk": 16, "fields": {"name": "Small Kitchen Appliances", "parent": 9, "slug": "small-kitchen-appliances", "lft": 2, "rght": 3, "tree_id": 25, "level": 1}}, {"model": "product.category", "pk": 17, "fields": {"name": "Heating, Cooling & Air Quality", "parent": 9, "slug": "heating-cooling-air-quality", "lft": 4, "rght": 5, "tree_id": 25, "level": 1}}, {"model": "product.category", "pk": 18, "fields": {"name": "Cell Phones", "parent": 10, "slug": "cell-phones", "lft": 8, "rght": 9, "tree_id": 26, "level": 1}}, {"model": "product.category", "pk": 19, "fields": {"name": "Power Banks & Chargers", "parent": 10, "slug": "power-banks-chargers", "lft": 6, "rght": 7, "tree_id": 26, "level": 1}}, {"model": "product.category", "pk": 20, "fields": {"name": "Cases & Covers", "parent": 10, "slug": "cases-covers", "lft": 10, "rght": 11, "tree_id": 26, "level": 1}}, {"model": "product.category", "pk": 21, "fields": {"name": "Phone Accessories", "parent": 10, "slug": "phone-accessories", "lft": 12, "rght": 13, "tree_id": 26, "level": 1}}, {"model": "product.category", "pk": 22, "fields": {"name": "Microsoft Surface", "parent": 11, "slug": "microsoft-surface", "lft": 4, "rght": 5, "tree_id": 28, "level": 1}}, {"model": "product.category", "pk": 23, "fields": {"name": "Android Tablets", "parent": 11, "slug": "android-tablets", "lft": 6, "rght": 7, "tree_id": 28, "level": 1}}, {"model": "product.category", "pk": 24, "fields": {"name": "Windows Tablets", "parent": 11, "slug": "windows-tablets", "lft": 2, "rght": 3, "tree_id": 28, "level": 1}}, {"model": "product.category", "pk": 25, "fields": {"name": "Genuine Tablet Accessories", "parent": 11, "slug": "genuine-tablet-accessories", "lft": 8, "rght": 9, "tree_id": 28, "level": 1}}, {"model": "product.category", "pk": 26, "fields": {"name": "Apple", "parent": 12, "slug": "apple", "lft": 2, "rght": 3, "tree_id": 30, "level": 1}}, {"model": "product.category", "pk": 27, "fields": {"name": "Media Players & TV Tuners", "parent": 12, "slug": "media-players-tv-tuners", "lft": 4, "rght": 5, "tree_id": 30, "level": 1}}, {"model": "product.category", "pk": 28, "fields": {"name": "Headphones", "parent": 29, "slug": "headphones", "lft": 2, "rght": 3, "tree_id": 31, "level": 1}}, {"model": "product.category", "pk": 29, "fields": {"name": "Portable Electronics", "parent": null, "slug": "portable-electronics", "lft": 1, "rght": 10, "tree_id": 31, "level": 0}}, {"model": "product.category", "pk": 30, "fields": {"name": "Gadgets & Wearables", "parent": 29, "slug": "gadgets-wearables", "lft": 4, "rght": 5, "tree_id": 31, "level": 1}}, {"model": "product.category", "pk": 31, "fields": {"name": "Portable Electronic Devices", "parent": 29, "slug": "portable-electronic-devices", "lft": 6, "rght": 7, "tree_id": 31, "level": 1}}, {"model": "product.category", "pk": 32, "fields": {"name": "Digital Cameras", "parent": 29, "slug": "digital-cameras", "lft": 8, "rght": 9, "tree_id": 31, "level": 1}}, {"model": "product.category", "pk": 33, "fields": {"name": "Refurbished Electronics", "parent": 13, "slug": "refurbished-electronics", "lft": 2, "rght": 3, "tree_id": 34, "level": 1}}, {"model": "product.category", "pk": 34, "fields": {"name": "Refurbished Cell Phones", "parent": 13, "slug": "refurbished-cell-phones", "lft": 6, "rght": 7, "tree_id": 34, "level": 1}}, {"model": "product.category", "pk": 35, "fields": {"name": "Refurbished TV & Video", "parent": 13, "slug": "refurbished-tv-video", "lft": 4, "rght": 5, "tree_id": 34, "level": 1}}, {"model": "product.product", "pk": 1, "fields": {"title": "Samsung UN65AU8000FXZA 4K LED (2020)", "brand": "", "category": 14, "sub_category": 8, "price": 1000, "mrp": 1800, "img": "product/photo-1552519507-da3b142c6e3d_qzzbyge.jpg", "img_second": "product/Asus-Vivobook-X415EA-2-768x768_6D1okIH.jpg", "img_third": "", "img_forth": "", "img_fifth": "", "video": null, "description": "", "slug": "samsung", "published": "2022-07-02T12:20:56.297Z", "updated": "2022-10-18T04:45:56.371Z", "is_active": true, "search_vector": ""}}, {"model": "product.product", "pk": 3, "fields": {"title": "Black Strap For Xiaomi Mi Band 5", "brand": "Xiaomi", "category": 29, "sub_category": 30, "price": 1900, "mrp": 25000, "img": "product/Dell-Inspiron-5502_ceTsbni.jpg", "img_second": "product/Dell-Inspiron-5502-4_2YD9PPj.jpg", "img_third": "product/download_Kv4iPgq.jpg", "img_forth": "product/f9006861589bf9c435daa01a79039f78_NtQjmNB.jpg", "img_fifth": "", "video": null, "description": "<ul>\r\n\t<li>High quality and Replacement for lost or damaged Bands</li>\r\n\t<li>Perfect Fit to Xiaomi Mi Band</li>\r\n\t<li>Replacement Rubber Bands with Clasps Only</li>\r\n\t<li>Free size fit your wrist depend on the button site you place.</li>\r\n</ul>", "slug": "watch", "published": "2022-07-03T12:21:33.931Z", "updated": "2022-10-18T04:45:56.363Z", "is_active": true, "search_vector": ""}}, {"model": "product.product", "pk": 4, "fields": {"title": "Samsung QN65QN9008K LED TV", "brand": "Samsung", "category": 14, "sub_category": 8, "price": 449700, "mrp": 500000, "img": "product/Dell-Inspiron-7306-2-in-1_4wpew8r.jpg", "img_second": "product/Dell-Inspiron-7306-2-in-1-3_Tz6oPsa.jpg", "img_third": "", "img_forth": "", "img_fifth": "", "video": null, "description": "<ul>\r\n\t<li>Infinity Screen with Slim One Connect</li>\r\n\t<li>Quantum Matrix Pro with Mini LEDs</li>\r\n\t<li>Neural Quantum Processor 8K</li>\r\n\t<li>Quantum HDR 64X</li>\r\n\t<li>Dolby Atmos and Object Tracking Sound Pro</li>\r\n</ul>", "slug": "Samsung-QN65QN900B", "published": "2022-07-30T16:28:11.960Z", "updated": "2022-10-18T04:45:56.352Z", "is_active": true, "search_vector": ""}}, {"model": "product.product", "pk": 5, "fields": {"title": "5 Pairs Hard Drive Rails Chassis Cage Accessories", "brand": "Samsung", "category": 8, "sub_category": 14, "price": 500, "mrp": 600, "img": "product/Dell-Inspiron-5406-2-in-1.jpg", "img_second": "product/Dell-Inspiron-5406-2-in-1-4.jpg", "img_third": "", "img_forth": "", "img_fifth": "", "video": null, "description": "<p>Origin:CN(Origin)<br />\r\nType:Hard Drive Rails<br />\r\nModel number:for 3.5 to 5.25 Hard Drive HDD Tray Caddy cage rack<br />\r\n<br />\r\nNote: Applicable to the chassis of most slide rail hard drives, But it is not guaranteed to be suitable for your chassis.<br />\r\nBecause of the installation of the chassis, there is no uniform standard, the store can not access these hardware, can not provide advice!<br />\r\nsize:13.5x1.5x0.5cm<br />\r\nMaterial:plastic<br />\r\ncolour:Black<br />\r\nPackage Contents:<br />\r\n5 Pairs x Hard Drive Rails<br />\r\nOnly the above package content, other products are not included.<br />\r\nNote: Light shooting and different displays may cause the color of the item in the picture a little different from the real thing. The measurement allowed error is +/- 1-3cm.</p>", "slug": "5-pair-drive-rails", "published": "2022-07-31T01:09:00.865Z", "updated": "2022-10-18T04:45:56.345Z", "is_active": true, "search_vector": ""}}, {"model": "product.product", "pk": 6, "fields": {"title": "iRobot Roomba E6 Vacuum Cleaning Robot E6198", "brand": "iRobot", "category": 13, "sub_category": 33, "price": 600, "mrp": 1000, "img": "product/Dell-Inspiron-7506-2-in-1-Price-in-Nepal.jpg", "img_second": "product/Dell-Inspiron-7506-2-in-1-4.jpg", "img_third": "", "img_forth": "", "img_fifth": "", "video": null, "description": "<ul>\r\n\t<li>POWERFUL PERFORMANCE AND POWERFUL PICK-UP</li>\r\n\t<li>IDEAL FOR HOMES WITH PETS - Unique Dual Multi-Surface</li>\r\n\t<li>LEARNS YOUR LIFE LISTENS TO YOUR VOICE</li>\r\n\t<li>ADAPTIVE NAVIGATION</li>\r\n</ul>", "slug": "origin-cm-cc-camera", "published": "2022-07-31T01:11:11.547Z", "updated": "2022-10-18T04:45:56.333Z", "is_active": true, "search_vector": ""}}, {"model": "product.product", "pk": 7, "fields": {"title": "Rosewill Air Fryer Convection Toaster Oven, Stainless Steel Exterior", "brand": "Rosewill", "category": 9, "sub_category": 16, "price": 1000, "mrp": 1500, "img": "product/Dell-Inspiron-5402-2.jpg", "img_second": "product/Dell-Inspiron-5402-4.jpg", "img_third": "", "img_forth": "", "img_fifth": "", "video": null, "description": "<ul>\r\n\t<li>Convection Air Fryer: This 1800w air fryer-convection-toaster oven can handle various cooking tasks using 360&deg;hot air circulation. With a large 26.4 Quart capacity, you can cook, fry, or bake healthy meals for the entire family. The oven interior fits a 13 lb. chicken or a 12-inch pizza.</li>\r\n\t<li>10 Smart Presets: Take the guesswork out of cooking with 10 preset cooking features and expertly cook your favorite foods like French fries, pizza, chicken wings, and steak. Frys food healthier with less oil than a standard fryer.</li>\r\n\t<li>Smart Design: Sleek countertop fit for efficient space savings. Cleaning is simple with a detachable crumb tray to catch food debris, and the removable bake pan and air fryer basket are both dishwasher safe. The built-in timer allows you to plan meals up to 12 hours in advance, making meal prep simple.</li>\r\n</ul>", "slug": "Rosewill-Air-Fryer-Convection", "published": "2022-07-31T01:13:51.883Z", "updated": "2022-10-18T04:45:56.325Z", "is_active": true, "search_vector": ""}}, {"model": "product.product", "pk": 8, "fields": {"title": "MOOKA Air Purifier for Home, 3-in-1 True HEPA Filter Air Cleaner for Bedroom and Office, Odor Eliminator for Allergies and Pets", "brand": "MOOKA", "category": 9, "sub_category": 17, "price": 2000, "mrp": 2500, "img": "product/dell-g5-15-5510-price-in-nepal.jpg", "img_second": "product/dell-g5-15-5510-top-view.jpg", "img_third": "", "img_forth": "", "img_fifth": "", "video": null, "description": "<ul>\r\n\t<li>TRUE HEPA AIR PURIFIER: Filters out 99.97 pct. of dust, pollen, mold spores, and pet dander.</li>\r\n\t<li>ENVIRONMENT-FRIENDLY AIR CLEANER: Equipped with 3-Stage Filtration system including Pre-filter, TRUE HEPA Filter, Activated Carbon Filter.</li>\r\n\t<li>EFFICIENT AIR PURIFICATION: The 360-degree air intake and discharge maximize fresh air provided to all directions, improving the air circulation in your room. It can clean 50 cubic meter air per hour in normal mode and consume less than 0.002 units of power.</li>\r\n\t<li>EASY OPERATE, SIMPLE DESIGN: It takes one single press of the same button to turn it on/off and control the fan speed.</li>\r\n\t<li>[WHISPER QUIET, ENERGY-SAVING]: At quiet mode, the noise is controlled under 35dB with the cutting-edge noise reducing fan blade design. You will barely be able to hear it at arm&#39;s length. And its rated power is only 8W, making it affordable to run all day long.</li>\r\n</ul>", "slug": "MOOKA-Air-Purifier-for-Home", "published": "2022-07-31T01:15:44.712Z", "updated": "2022-10-18T04:45:56.317Z", "is_active": true, "search_vector": ""}}, {"model": "product.product", "pk": 9, "fields": {"title": "Samsung - Galaxy Buds Pro True Wireless Earbud Headphones - Phantom Silver", "brand": "Samsung", "category": 29, "sub_category": 28, "price": 600, "mrp": 900, "img": "product/Dell-Inspiron-3501-2.jpg", "img_second": "product/Dell-Inspiron-3501-4.jpg", "img_third": "", "img_forth": "", "img_fifth": "", "video": null, "description": "<ul>\r\n\t<li>Tune in without tuning out with Active Noise Cancellation</li>\r\n\t<li>Feel the rush of your favorite music with 2-way speakers by AKG, an 11-mm woofer and 6.5-mm tweeter built into every earbud</li>\r\n\t<li>Worry-free water resistance, IPX7 water resistance that even protects from immersion up to 3 feet deep for 30 minutes</li>\r\n</ul>", "slug": "Samsung-Galaxy-Buds", "published": "2022-07-31T01:20:52.981Z", "updated": "2022-10-18T04:45:56.310Z", "is_active": true, "search_vector": ""}}, {"model": "product.product", "pk": 10, "fields": {"title": "2021 Apple - 10.2-Inch iPad (9th Generation, Latest Model) with Wi-Fi", "brand": "Apple", "category": 11, "sub_category": 24, "price": 300, "mrp": 500, "img": "product/Acer-Swift-3-5.jpg", "img_second": "product/Acer-Swift-3-2-2.jpg", "img_third": "", "img_forth": "", "img_fifth": "", "video": null, "description": "<ul>\r\n\t<li>Gorgeous 10.2-inch Retina display</li>\r\n\t<li>A12 Bionic chip with Neural Engine</li>\r\n\t<li>8MP back camera, 12MP Ultra Wide front camera with Center Stage</li>\r\n\t<li>Up to 256GB storage</li>\r\n\t<li>Support for Apple Pencil (1st generation) and Smart Keyboard</li>\r\n\t<li>Stereo speakers</li>\r\n\t<li>802.11ac Wi-Fi and Gigabit-class LTE cellular data</li>\r\n\t<li>Up to 10 hours of battery life</li>\r\n\t<li>Lightning connector for charging and accessories</li>\r\n\t<li>Touch ID for secure authentication and Apple Pay</li>\r\n\t<li>iPadOS 15 is uniquely powerful, easy to use, and designed for the versatility of iPad</li>\r\n</ul>", "slug": "apple-table-ipad", "published": "2022-07-31T01:31:56.604Z", "updated": "2022-10-18T04:45:56.302Z", "is_active": true, "search_vector": ""}}, {"model": "product.product", "pk": 11, "fields": {"title": "Samsung Galaxy Tab S6 Lite 10.4\", 64GB WiFi Tablet Oxford Gray", "brand": "Samsung", "category": 11, "sub_category": 23, "price": 2000, "mrp": 2500, "img": "product/photo-1552519507-da3b142c6e3d.jpg", "img_second": "product/Asus-Vivobook-X415EA-2-768x768.jpg", "img_third": "", "img_forth": "", "img_fifth": "", "video": null, "description": "<ul>\r\n\t<li>The included S Pen makes it easier than ever to write notes and personalize photos and videos, all without needing to charge. The S Pen attaches magnetically right to your tablet so you can quickly pu</li>\r\n\t<li>Slim Metal Design: Take this sleek, lightweight tablet anywhere. Its slim design slips right into your bag and comes in your choice of stylish colors.</li>\r\n\t<li>Entertainment Ready: A vivid, crystal clear display draws you into content while dual speakers with sound by AKG supply spacious, Dolby Atmos surround sound.</li>\r\n\t<li>Long-lasting Battery: A long-lasting battery lets you stream for up to 13 hours (Battery power consumption depends on usage patterns. Results may vary) on a single charge. The fast-charging USB-C port</li>\r\n\t<li>Expandable Memory: Store all of your content with built-in 64/128GB internal memory. Expand your storage space anytime up to 1TB with a microSD card. (Sold separately. Portion of internal memory occup</li>\r\n\t<li>Based on video playback. Battery power consumption depends on usage patterns. Resul</li>\r\n</ul>", "slug": "samsung-tablet", "published": "2022-07-31T01:35:23.734Z", "updated": "2022-10-18T04:45:56.293Z", "is_active": true, "search_vector": ""}}, {"model": "product.product", "pk": 12, "fields": {"title": "BMAX i11 10.4 inch Android 11 Phone Call Tablet 2000x1200 T618 Octa Core 8GB RAM 128GB ROM 4G Network Tablets", "brand": "BMAX", "category": 11, "sub_category": 24, "price": 3000, "mrp": 4000, "img": "product/Dell-Inspiron-7306-2-in-1.jpg", "img_second": "product/Dell-Inspiron-7306-2-in-1-3.jpg", "img_third": "", "img_forth": "", "img_fifth": "", "video": null, "description": "<ul>\r\n\t<li>Main Features:</li>\r\n\t<li>Android 11 System</li>\r\n\t<li>The new Android 11 OS decreases mounts of storage space required for apps and improves runtime device performance.</li>\r\n\t<li>UNISOC T618 Octa Core up to 2.0GHz</li>\r\n\t<li>The Unisoc Tiger T618 (former Spreadtrum) is an entry level octa core SoC with two fast ARM Cortex A75 cores at up to 2 GHz and six power efficient ARM Cortex A55 cores at up to 1.8 GHz.an ARM Mali G52MP2 GPU and a tri core ISP.</li>\r\n\t<li>4G LTE Network</li>\r\n\t<li>Support 4G network and SIM card slot.</li>\r\n\t<li>GSM: B2/B3/B5/B8;</li>\r\n\t<li>WCDMA: B1/B5/B8;</li>\r\n\t<li>FDD-TLE: B1/B3/B5/B7/B8/B20/B34;</li>\r\n\t<li>TD-TLE: B34/B38/B39/B40/B41</li>\r\n\t<li>10.4 inch Full HD IPS Screen</li>\r\n\t<li>2000 x 1200 resolution brings you high contrast and more vivid visual experience.</li>\r\n\t<li>8GB RAM 128GB ROM</li>\r\n\t<li>8G large RAM to keep system running properly. Also 128G ROM can fully support all your apps and media needs.</li>\r\n\t<li>Dual Band 2.4GHz / 5.0GHz WiFi</li>\r\n\t<li>More bands for you to choose. 2.4GHz Band is better at penetrating obstacles while 5GHz band will offer faster connection speeds.</li>\r\n</ul>", "slug": "bmax-ipad", "published": "2022-07-31T01:39:42.776Z", "updated": "2022-10-18T04:45:56.284Z", "is_active": true, "search_vector": ""}}, {"model": "product.product", "pk": 13, "fields": {"title": "Apple iPad (6th Gen) MR7F2LL/A 9.7\" Tablet 32GB WiFi", "brand": "Apple", "category": 13, "sub_category": 33, "price": 1000, "mrp": 1200, "img": "product/Dell-Inspiron-5502-4.jpg", "img_second": "product/Dell-Inspiron-5502.jpg", "img_third": "product/3jpg.jpg", "img_forth": "product/4jpg.jpg", "img_fifth": "", "video": "https://www.youtube.com/watch?v=-bckVtcbTFU", "description": "<p>Now with Apple Pencil support, the Apple 9.7&quot; iPad allows you to take full advantage of the multi-touch Retina Display. Draw pictures, jot down notes, and sign documents with the Apple Pencil (sold separately). The iPad also has an A10 Fusion chip, which is powerful enough to run augmented reality (AR) apps. Combined with enhanced cameras and advanced sensors, including a gyroscope and accelerator for accurate motion tracking, the iPad delivers an immersive AR experience. The iPad features a 9.7&quot; Retina Display that has a 2048 x 1536 resolution, resulting in 264 ppi - over 3.1 million pixels.<br />\r\n<br />\r\nThe display also has multi-touch support. At just one pound and 7.5 mm thin, the iPad features an aluminum unibody construction that delivers a solid feel. There is also a front 1.2MP FaceTime HD camera and a rear 8MP camera that can record 1080p video. With support for 802.11 ac Wi-Fi, the iPad supports both 2.4 GHz and 5 GHz frequency bands. This iPad comes preloaded with iOS. Please check your device settings for the latest available update.</p>", "slug": "apple-new-tablet", "published": "2022-07-31T01:43:38.397Z", "updated": "2022-10-18T04:45:56.267Z", "is_active": true, "search_vector": ""}}, {"model": "product.variation", "pk": 1, "fields": {"product": 3, "variation_category": "Color", "variation_value": "Black"}}, {"model": "product.variation", "pk": 2, "fields": {"product": 3, "variation_category": "Color", "variation_value": "Blue"}}, {"model": "product.variation", "pk": 6, "fields": {"product": 4, "variation_category": "Size", "variation_value": "65\""}}, {"model": "product.variation", "pk": 7, "fields": {"product": 4, "variation_category": "Size", "variation_value": "85\""}}, {"model": "product.variation", "pk": 8, "fields": {"product": 1, "variation_category": "Size", "variation_value": "43\""}}, {"model": "product.variation", "pk": 9, "fields": {"product": 1, "variation_category": "Size", "variation_value": "50'\""}}, {"model": "product.variation", "pk": 10, "fields": {"product": 1, "variation_category": "Color", "variation_value": "55\""}}, {"model": "product.variation", "pk": 11, "fields": {"product": 8, "variation_category": "Color", "variation_value": "Red"}}, {"model": "product.variation", "pk": 12, "fields": {"product": 8, "variation_category": "Color", "variation_value": "Blue"}}, {"model": "product.variation", "pk": 13, "fields": {"product": 9, "variation_category": "Color", "variation_value": "Red"}}, {"model": "product.variation", "pk": 14, "fields": {"product": 9, "variation_category": "Color", "variation_value": "Blue"}}, {"model": "product.variation", "pk": 15, "fields": {"product": 10, "variation_category": "Color", "variation_value": "Blue"}}, {"model": "product.variation", "pk": 16, "fields": {"product": 10, "variation_category": "Color", "variation_value": "Black"}}, {"model": "product.variation", "pk": 17, "fields": {"product": 10, "variation_category": "Color", "variation_value": "Grey"}}, {"model": "product.variation", "pk": 18, "fields": {"product": 11, "variation_category": "Color", "variation_value": "Blue"}}, {"model": "product.variation", "pk": 19, "fields": {"product": 11, "variation_category": "Color", "variation_value": "Grey"}}, {"model": "product.variation", "pk": 20, "fields": {"product": 12, "variation_category": "Color", "variation_value": "White"}}, {"model": "product.variation", "pk": 21, "fields": {"product": 12, "variation_category": "Color", "variation_value": "Black"}}, {"model": "product.variation", "pk": 22, "fields": {"product": 12, "variation_category": "Color", "variation_value": "Blue"}}, {"model": "product.variation", "pk": 23, "fields": {"product": 13, "variation_category": "Color", "variation_value": "White"}}, {"model": "product.variation", "pk": 24, "fields": {"product": 13, "variation_category": "Color", "variation_value": "Grey"}}, {"model": "product.variation", "pk": 25, "fields": {"product": 13, "variation_category": "Size", "variation_value": "64 GB"}}, {"model": "product.variation", "pk": 26, "fields": {"product": 13, "variation_category": "Size", "variation_value": "128GB"}}, {"model": "wishlist.wishlist", "pk": 1, "fields": {"user": 1, "created": "2022-07-02T12:33:24.983Z", "updated": "2022-07-02T12:33:24.983Z"}}, {"model": "wishlist.wishlist", "pk": 2, "fields": {"user": 2, "created": "2022-07-02T12:48:02.056Z", "updated": "2022-07-02T12:48:02.082Z"}}, {"model": "wishlist.wishlist", "pk": 3, "fields": {"user": 6, "created": "2022-08-01T10:31:25.389Z", "updated": "2022-08-01T10:31:25.390Z"}}, {"model": "wishlist.wishlistitem", "pk": 1, "fields": {"wishlist": 2, "product": 1, "created": "2022-07-02T12:48:02.073Z"}}, {"model": "search.searchterms", "pk": 1, "fields": {"search_terms": "samsung", "total_searches": 4, "updated_on": "2022-07-06T04:55:04.803Z"}}, {"model": "search.searchterms", "pk": 2, "fields": {"search_terms": "sasdasd", "total_searches": 1, "updated_on": "2022-07-06T05:04:13.025Z"}}, {"model": "search.searchterms", "pk": 3, "fields": {"search_terms": "men", "total_searches": 1, "updated_on": "2022-07-31T02:44:33.763Z"}}, {"model": "search.searchterms", "pk": 4, "fields": {"search_terms": "mens", "total_searches": 1, "updated_on": "2022-07-31T02:44:35.841Z"}}, {"model": "search.searchterms", "pk": 5, "fields": {"search_terms": "mensssss", "total_searches": 1, "updated_on": "2022-07-31T02:44:40.587Z"}}, {"model": "search.searchterms", "pk": 6, "fields": {"search_terms": "apple", "total_searches": 1, "updated_on": "2022-07-31T02:48:35.931Z"}}, {"model": "search.searchterms", "pk": 7, "fields": {"search_terms": "apples", "total_searches": 1, "updated_on": "2022-07-31T02:48:41.141Z"}}, {"model": "search.searchterms", "pk": 8, "fields": {"search_terms": "appl", "total_searches": 1, "updated_on": "2022-07-31T02:48:52.050Z"}}, {"model": "search.searchterms", "pk": 9, "fields": {"search_terms": "app", "total_searches": 1, "updated_on": "2022-07-31T02:48:57.318Z"}}, {"model": "search.searchterms", "pk": 10, "fields": {"search_terms": "ledsd", "total_searches": 2, "updated_on": "2022-07-31T02:49:08.423Z"}}, {"model": "search.searchterms", "pk": 11, "fields": {"search_terms": "leds", "total_searches": 2, "updated_on": "2022-07-31T02:49:20.033Z"}}, {"model": "search.searchterms", "pk": 12, "fields": {"search_terms": "led", "total_searches": 1, "updated_on": "2022-07-31T02:49:34.093Z"}}, {"model": "cart.cart", "pk": 2, "fields": {"user": 2, "created": "2022-07-02T12:47:48.828Z", "updated": "2022-07-03T14:24:40.173Z", "total": 0, "coupon": null}}, {"model": "cart.cart", "pk": 14, "fields": {"user": 1, "created": "2022-08-01T01:33:40.859Z", "updated": "2022-08-01T01:34:00.592Z", "total": 4300, "coupon": null}}, {"model": "cart.cart", "pk": 16, "fields": {"user": 6, "created": "2022-08-01T10:31:31.630Z", "updated": "2022-08-01T10:56:11.857Z", "total": 1100, "coupon": null}}, {"model": "cart.cartitem", "pk": 21, "fields": {"cart": 14, "product": 12, "color": "White", "size": null, "price": 3000, "quantity": 1, "total": 3000, "created": "2022-08-01T01:33:40.893Z"}}, {"model": "cart.cartitem", "pk": 22, "fields": {"cart": 14, "product": 13, "color": "White", "size": "64 GB", "price": 1000, "quantity": 1, "total": 1000, "created": "2022-08-01T01:34:00.567Z"}}, {"model": "cart.cartitem", "pk": 24, "fields": {"cart": 16, "product": 13, "color": "White", "size": "64 GB", "price": 1000, "quantity": 1, "total": 1000, "created": "2022-08-01T10:56:11.816Z"}}, {"model": "address.address", "pk": 1, "fields": {"user": 1, "building": null, "area": "Near school", "city": "Putalisadk", "district": "Kathmandu", "province": "three", "default": false, "created": "2022-07-02T12:43:08.597Z"}}, {"model": "address.address", "pk": 2, "fields": {"user": 1, "building": "asda", "area": "asd", "city": "asdasd", "district": "Jumla", "province": "six", "default": true, "created": "2022-07-11T08:45:06.164Z"}}, {"model": "address.address", "pk": 3, "fields": {"user": 5, "building": "2nd Floor", "area": "Chabhail", "city": "Chabhail Chowk", "district": "Kathmandu", "province": "three", "default": true, "created": "2022-07-31T01:23:52.687Z"}}, {"model": "address.address", "pk": 4, "fields": {"user": 6, "building": "2nd floor", "area": "Shantinagar", "city": "Kathmandu", "district": "Kathmandu", "province": "three", "default": true, "created": "2022-08-01T01:54:03.129Z"}}, {"model": "orders.order", "pk": 27, "fields": {"user": 1, "address": 2, "instruction": "", "contact_number": "2000", "total": 1150, "coupon": null, "created": "2022-07-30T07:41:52.632Z", "updated": "2022-07-30T07:41:52.650Z", "delivery_charge": 150, "payment_method": "Cash On Delivery", "payment_completed": true}}, {"model": "orders.order", "pk": 28, "fields": {"user": 1, "address": 2, "instruction": "", "contact_number": "2000", "total": 1150, "coupon": null, "created": "2022-07-30T16:50:46.395Z", "updated": "2022-07-30T16:50:46.435Z", "delivery_charge": 150, "payment_method": "Khalti", "payment_completed": false}}, {"model": "orders.order", "pk": 29, "fields": {"user": 1, "address": 2, "instruction": "", "contact_number": "2000", "total": 1150, "coupon": null, "created": "2022-07-30T16:50:52.501Z", "updated": "2022-07-30T16:51:02.006Z", "delivery_charge": 150, "payment_method": "Esewa", "payment_completed": true}}, {"model": "orders.order", "pk": 30, "fields": {"user": 5, "address": 3, "instruction": "", "contact_number": "9819976496", "total": 1800, "coupon": 2, "created": "2022-07-31T01:26:55.687Z", "updated": "2022-07-31T01:26:55.709Z", "delivery_charge": 100, "payment_method": "Khalti", "payment_completed": false}}, {"model": "orders.order", "pk": 31, "fields": {"user": 5, "address": 3, "instruction": "", "contact_number": "9819976496", "total": 1800, "coupon": 2, "created": "2022-07-31T01:27:08.571Z", "updated": "2022-07-31T01:27:08.589Z", "delivery_charge": 100, "payment_method": "Esewa", "payment_completed": false}}, {"model": "orders.order", "pk": 32, "fields": {"user": 5, "address": 3, "instruction": "", "contact_number": "9819976496", "total": 1800, "coupon": 2, "created": "2022-07-31T01:27:14.809Z", "updated": "2022-07-31T01:27:22.768Z", "delivery_charge": 100, "payment_method": "Esewa", "payment_completed": true}}, {"model": "orders.order", "pk": 33, "fields": {"user": 1, "address": 2, "instruction": "", "contact_number": "2000", "total": 2150, "coupon": null, "created": "2022-07-31T03:33:12.480Z", "updated": "2022-07-31T03:33:12.520Z", "delivery_charge": 150, "payment_method": "Esewa", "payment_completed": false}}, {"model": "orders.order", "pk": 34, "fields": {"user": 1, "address": 2, "instruction": "", "contact_number": "2000", "total": 3300, "coupon": null, "created": "2022-07-31T03:33:57.011Z", "updated": "2022-07-31T03:34:35.640Z", "delivery_charge": 300, "payment_method": "Esewa", "payment_completed": true}}, {"model": "orders.order", "pk": 35, "fields": {"user": 6, "address": 4, "instruction": "", "contact_number": "9804603799", "total": 1100, "coupon": null, "created": "2022-08-01T01:54:20.158Z", "updated": "2022-08-01T01:54:53.894Z", "delivery_charge": 100, "payment_method": "Esewa", "payment_completed": true}}, {"model": "orders.orderitem", "pk": 27, "fields": {"order": 27, "product": 1, "price": 1000, "quantity": 1, "color": null, "size": null, "item_status": "Received", "created": "2022-07-30T07:41:52.645Z", "total": 1000}}, {"model": "orders.orderitem", "pk": 28, "fields": {"order": 28, "product": 1, "price": 1000, "quantity": 1, "color": null, "size": null, "item_status": "Received", "created": "2022-07-30T16:50:46.419Z", "total": 1000}}, {"model": "orders.orderitem", "pk": 29, "fields": {"order": 29, "product": 1, "price": 1000, "quantity": 1, "color": null, "size": null, "item_status": "Received", "created": "2022-07-30T16:50:52.525Z", "total": 1000}}, {"model": "orders.orderitem", "pk": 30, "fields": {"order": 30, "product": 1, "price": 1000, "quantity": 2, "color": "55\"", "size": "43\"", "item_status": "Received", "created": "2022-07-31T01:26:55.706Z", "total": 2000}}, {"model": "orders.orderitem", "pk": 31, "fields": {"order": 31, "product": 1, "price": 1000, "quantity": 2, "color": "55\"", "size": "43\"", "item_status": "Received", "created": "2022-07-31T01:27:08.586Z", "total": 2000}}, {"model": "orders.orderitem", "pk": 32, "fields": {"order": 32, "product": 1, "price": 1000, "quantity": 2, "color": "55\"", "size": "43\"", "item_status": "Received", "created": "2022-07-31T01:27:14.825Z", "total": 2000}}, {"model": "orders.orderitem", "pk": 33, "fields": {"order": 33, "product": 11, "price": 2000, "quantity": 1, "color": "Blue", "size": null, "item_status": "Received", "created": "2022-07-31T03:33:12.512Z", "total": 2000}}, {"model": "orders.orderitem", "pk": 34, "fields": {"order": 34, "product": 13, "price": 1000, "quantity": 1, "color": "White", "size": "64 GB", "item_status": "Received", "created": "2022-07-31T03:33:57.045Z", "total": 1000}}, {"model": "orders.orderitem", "pk": 35, "fields": {"order": 34, "product": 11, "price": 2000, "quantity": 1, "color": "Blue", "size": null, "item_status": "Received", "created": "2022-07-31T03:33:57.055Z", "total": 2000}}, {"model": "orders.orderitem", "pk": 36, "fields": {"order": 35, "product": 13, "price": 1000, "quantity": 1, "color": "White", "size": "128GB", "item_status": "Completed", "created": "2022-08-01T01:54:20.190Z", "total": 1000}}, {"model": "review.review", "pk": 3, "fields": {"user": 6, "order_item": 36, "content": "This is a very good order.", "stars": 5, "parent": null, "created": "2022-08-01T01:55:15.655Z"}}, {"model": "coupons.coupon", "pk": 1, "fields": {"coupon_name": "OMKAR20", "code": "OMKAR20", "value": 200, "purchase": 20, "validity": "30", "quantity": 1, "created_at": "2022-07-10T08:18:05.201Z", "active": true}}, {"model": "coupons.coupon", "pk": 2, "fields": {"coupon_name": "OMKAR30", "code": "OMKAR30", "value": 300, "purchase": 100, "validity": "30", "quantity": 2, "created_at": "2022-07-11T08:46:57.870Z", "active": true}}, {"model": "coupons.couponuser", "pk": 1, "fields": {"coupon": 1, "user": 1, "redeemed_at": "2022-07-10T08:25:40.170Z"}}, {"model": "coupons.couponuser", "pk": 2, "fields": {"coupon": 2, "user": 1, "redeemed_at": "2022-07-11T08:47:40.235Z"}}, {"model": "coupons.couponuser", "pk": 3, "fields": {"coupon": 2, "user": 5, "redeemed_at": "2022-07-31T01:26:55.690Z"}}, {"model": "coupons.couponuser", "pk": 4, "fields": {"coupon": 2, "user": 5, "redeemed_at": "2022-07-31T01:27:08.573Z"}}, {"model": "coupons.couponuser", "pk": 5, "fields": {"coupon": 2, "user": 5, "redeemed_at": "2022-07-31T01:27:14.812Z"}}, {"model": "home.sliders", "pk": 1, "fields": {"image": "seller/sliders/banner1_r22o4xl.jpg", "url": ""}}, {"model": "home.sliders", "pk": 2, "fields": {"image": "seller/sliders/banner2.jpeg", "url": ""}}]